g bonus_ground_8_top
v -0.004965723 0 0.005
v -0.005 0 0.005035098
v -0.005 0 0.005
v 0.01068187 0 -0.0025
v 0.01 0 -0.001818131
v 0.01 0 -0.0025
v 0.005 0 0.005035098
v 0.004965723 0 0.005
v 0.005 0 0.005
v 0.01 0 0.00181814
v 0.01068186 0 0.0025
v 0.01 0 0.0025
v 0.0225 0 -0.007786153
v 0.02278615 0 -0.0075
v 0.0225 0 -0.0075
v 0.02278615 0 0.0075
v 0.0225 0 0.007786153
v 0.0225 0 0.0075
v 0.004965727 0 -0.005
v 0.005 0 -0.005035094
v 0.005 0 -0.005
v 0.007407213 0 -0.0075
v 0.0075 0 -0.007595011
v 0.0075 0 -0.0075
v -0.01068186 0 0.0025
v -0.01 0 0.00181814
v -0.01 0 0.0025
v -0.005 0 -0.005035094
v -0.004965727 0 -0.005
v -0.005 0 -0.005
v -0.01 0 -0.001818131
v -0.01068187 0 -0.0025
v -0.01 0 -0.0025
v -0.0225 0 0.007786153
v -0.02278615 0 0.0075
v -0.0225 0 0.0075
v -0.0075 0 -0.007595011
v -0.007407213 0 -0.0075
v -0.0075 0 -0.0075
v -0.02278615 0 -0.0075
v -0.0225 0 -0.007786153
v -0.0225 0 -0.0075
v 0.0075 0 0.0075
v 0.0075 0 0.007595012
v 0.007407211 0 0.0075
v -0.0075 0 0.0075
v -0.007407211 0 0.0075
v -0.0075 0 0.007595012
v 0 0 0
v 0 0 -0.0025
v 0.0025 0 -0.0025
v 0.0025 0 0
v -0.0025 0 0.0025
v -0.0025 0 0
v 0 0 0
v 0 0 0.0025
v 0.0025 0 -0.0025
v 0.0025 0 -0.004227455
v 0.003535536 0 -0.003535532
v 0.005 0 -0.0025
v 0.005 0 -0.005
v 0.004965727 0 -0.005
v 0.0075 0 -0.007595011
v 0.01 0 -0.0075
v 0.0075 0 -0.0075
v 0.009848698 0 -0.01
v 0.01 0 -0.01
v 0.005 0 -0.005035094
v 0.0075 0 -0.005
v 0.005 0 -0.005
v 0.007407213 0 -0.0075
v 0.0075 0 -0.0075
v 0.005 0 -0.0025
v 0.005 0 -0.005
v 0.0075 0 -0.005
v 0.0075 0 -0.0025
v 0.0075 0 -0.005
v 0.0075 0 -0.0075
v 0.01 0 -0.0075
v 0.01 0 -0.005
v 0.01 0 -0.0075
v 0.01 0 -0.01
v 0.0125 0 -0.01
v 0.0125 0 -0.0075
v 0 0 0.0025
v 0 0 0
v 0.0025 0 0
v 0.0025 0 0.0025
v 0.0025 0 0
v 0.0025 0 -0.0025
v 0.005 0 -0.0025
v 0.005 0 0
v 0 0 0.005
v -0.001913417 0 0.004619398
v 0 0 0.0025
v -0.0025 0 0.0025
v -0.0025 0 0.004227455
v 0.01 0 -0.005
v 0.01 0 -0.0075
v 0.0125 0 -0.0075
v 0.0125 0 -0.005
v 0.005 0 0
v 0.005 0 -0.0025
v 0.0075 0 -0.0025
v 0.0075 0 0
v 0.0025 0 0.0025
v 0.0025 0 0
v 0.005 0 0
v 0.005 0 0.0025
v 0.0125 0 -0.0075
v 0.0125 0 -0.01
v 0.015 0 -0.01
v 0.015 0 -0.0075
v 0.0075 0 -0.0025
v 0.0075 0 -0.005
v 0.01 0 -0.005
v 0.01 0 -0.0025
v 0.0125 0 -0.005
v 0.0125 0 -0.0075
v 0.015 0 -0.0075
v 0.015 0 -0.005
v 0.005 0 0.0025
v 0.005 0 0
v 0.0075 0 0
v 0.0075 0 0.0025
v 0.015 0 -0.0075
v 0.015 0 -0.01
v 0.0175 0 -0.01
v 0.0175 0 -0.0075
v 0 0 0.0025
v 0.0025 0 0.0025
v 0.0025 0 0.004227455
v 0.001913417 0 0.004619398
v 0 0 0.005
v 0.015 0 -0.00333333
v 0.0125 0 -0.00333333
v 0.0125 0 -0.005
v 0.015 0 -0.005
v 0.015 0 -0.005
v 0.015 0 -0.0075
v 0.0175 0 -0.0075
v 0.0175 0 -0.005
v 0.0175 0 -0.0075
v 0.0175 0 -0.01
v 0.02 0 -0.01
v 0.02 0 -0.0075
v 0.005 0 0.005
v 0.005 0 0.0025
v 0.0075 0 0.0025
v 0.0075 0 0.005
v 0.0175 0 -0.005
v 0.0175 0 -0.0075
v 0.02 0 -0.0075
v 0.02 0 -0.005
v 0.0075 0 0.005
v 0.0075 0 0.0025
v 0.01 0 0.0025
v 0.01 0 0.005
v 0.0175 0 -0.0025
v 0.0175 0 -0.005
v 0.02 0 -0.005
v 0.02 0 -0.0025
v 0.02 0 -0.005
v 0.02 0 -0.0075
v 0.0225 0 -0.0075
v 0.0225 0 -0.005
v 0.0075 0 0.0075
v 0.0075 0 0.005
v 0.01 0 0.005
v 0.01 0 0.0075
v 0.01673392 0 0
v 0.01673392 0 -0.0025
v 0.0175 0 -0.0025
v 0.0175 0 0
v 0.01 0 -0.005
v 0.0125 0 -0.005
v 0.0125 0 -0.00333333
v 0.0115152 0 -0.00333333
v 0.01 0 -0.0025
v 0.01068187 0 -0.0025
v 0.0075 0 -0.0025
v 0.01 0 -0.0025
v 0.01 0 -0.001818131
v 0.009848698 0 -0.001666829
v 0.0075 0 0
v 0.009848698 0 0
v 0.02 0 -0.0025
v 0.02 0 -0.005
v 0.0225 0 -0.005
v 0.0225 0 -0.0025
v 0.0175 0 0
v 0.0175 0 -0.0025
v 0.02 0 -0.0025
v 0.02 0 0
v 0.01 0 0.0075
v 0.01 0 0.005
v 0.0125 0 0.005
v 0.0125 0 0.0075
v 0.0125 0 0.00333334
v 0.015 0 0.00333334
v 0.015 0 0.005
v 0.0125 0 0.005
v 0.01673392 0 0.0025
v 0.01673392 0 0
v 0.0175 0 0
v 0.0175 0 0.0025
v 0.02361915 0 -0.005
v 0.02361915 0 -0.0025
v 0.0225 0 -0.0025
v 0.0225 0 -0.005
v 0.007407211 0 0.0075
v 0.005 0 0.005035098
v 0.005 0 0.005
v 0.0075 0 0.005
v 0.0075 0 0.0075
v 0.0225 0 -0.007786153
v 0.0225 0 -0.0075
v 0.02 0 -0.0075
v 0.02028615 0 -0.01
v 0.02 0 -0.01
v 0.02 0 0
v 0.02 0 -0.0025
v 0.0225 0 -0.0025
v 0.0225 0 0
v 0.0125 0 0.0075
v 0.0125 0 0.005
v 0.015 0 0.005
v 0.015 0 0.0075
v 0.0175 0 0.0025
v 0.0175 0 0
v 0.02 0 0
v 0.02 0 0.0025
v 0.01 0 0.01
v 0.01 0 0.0075
v 0.0125 0 0.0075
v 0.0125 0 0.01
v 0.02361915 0 -0.0025
v 0.02361915 0 0
v 0.0225 0 0
v 0.0225 0 -0.0025
v 0.02 0 0.0025
v 0.02 0 0
v 0.0225 0 0
v 0.0225 0 0.0025
v 0.0175 0 0.005
v 0.0175 0 0.0025
v 0.02 0 0.0025
v 0.02 0 0.005
v 0.015 0 0.0075
v 0.015 0 0.005
v 0.0175 0 0.005
v 0.0175 0 0.0075
v 0.0125 0 0.01
v 0.0125 0 0.0075
v 0.015 0 0.0075
v 0.015 0 0.01
v 0.0075 0 0.0025
v 0.0075 0 0
v 0.009848698 0 0
v 0.009848698 0 0.001666839
v 0.01 0 0.00181814
v 0.01 0 0.0025
v 0.02361915 0 0
v 0.02361915 0 0.0025
v 0.0225 0 0.0025
v 0.0225 0 0
v 0.02 0 0.005
v 0.02 0 0.0025
v 0.0225 0 0.0025
v 0.0225 0 0.005
v 0.0175 0 0.0075
v 0.0175 0 0.005
v 0.02 0 0.005
v 0.02 0 0.0075
v 0.015 0 0.01
v 0.015 0 0.0075
v 0.0175 0 0.0075
v 0.0175 0 0.01
v 0.0225 0 -0.005
v 0.0225 0 -0.0075
v 0.02278615 0 -0.0075
v 0.02361915 0 -0.006667003
v 0.02361915 0 -0.005
v 0.02361915 0 0.0025
v 0.02361915 0 0.005
v 0.0225 0 0.005
v 0.0225 0 0.0025
v 0.009848698 0 0.01
v 0.01 0 0.0075
v 0.01 0 0.01
v 0.0075 0 0.0075
v 0.0075 0 0.007595012
v 0.02 0 0.0075
v 0.02 0 0.005
v 0.0225 0 0.005
v 0.0225 0 0.0075
v 0.0175 0 0.01
v 0.0175 0 0.0075
v 0.02 0 0.0075
v 0.02 0 0.01
v 0.01673392 0 -0.0025
v 0.0175 0 -0.005
v 0.0175 0 -0.0025
v 0.01673392 0 -0.00333333
v 0.015 0 -0.005
v 0.015 0 -0.00333333
v 0.01 0 0.005
v 0.01 0 0.0025
v 0.01068186 0 0.0025
v 0.0115152 0 0.00333334
v 0.0125 0 0.00333334
v 0.0125 0 0.005
v 0.015 0 0.005
v 0.015 0 0.00333334
v 0.01673392 0 0.00333334
v 0.0175 0 0.005
v 0.0175 0 0.0025
v 0.01673392 0 0.0025
v 0.0225 0 0.005
v 0.02361915 0 0.005
v 0.02361915 0 0.006667003
v 0.0225 0 0.0075
v 0.02278615 0 0.0075
v -0.0025 0 0.0025
v -0.0025 0 0.004227455
v -0.003535534 0 0.003535534
v -0.005 0 0.0025
v -0.005 0 0.005
v -0.004965723 0 0.005
v -0.0075 0 0.007595012
v -0.01 0 0.0075
v -0.0075 0 0.0075
v -0.009848698 0 0.01
v -0.01 0 0.01
v -0.007407211 0 0.0075
v -0.0075 0 0.0075
v -0.0075 0 0.005
v -0.005 0 0.005035098
v -0.005 0 0.005
v -0.0075 0 0.005
v -0.0075 0 0.0025
v -0.005 0 0.0025
v -0.005 0 0.005
v -0.01 0 0.0075
v -0.01 0 0.005
v -0.0075 0 0.005
v -0.0075 0 0.0075
v -0.0125 0 0.01
v -0.0125 0 0.0075
v -0.01 0 0.0075
v -0.01 0 0.01
v -0.005 0 0.0025
v -0.005 0 0
v -0.0025 0 0
v -0.0025 0 0.0025
v -0.0025 0 0
v -0.0025 0 -0.0025
v 0 0 -0.0025
v 0 0 0
v 0 0 -0.0025
v 0 0 -0.004999999
v 0.001913419 0 -0.004619396
v 0.0025 0 -0.004227455
v 0.0025 0 -0.0025
v -0.0125 0 0.0075
v -0.0125 0 0.005
v -0.01 0 0.005
v -0.01 0 0.0075
v -0.0075 0 0.0025
v -0.0075 0 0
v -0.005 0 0
v -0.005 0 0.0025
v -0.005 0 0
v -0.005 0 -0.0025
v -0.0025 0 -0.0025
v -0.0025 0 0
v -0.01 0 0.005
v -0.01 0 0.0025
v -0.0075 0 0.0025
v -0.0075 0 0.005
v -0.015 0 0.01
v -0.015 0 0.0075
v -0.0125 0 0.0075
v -0.0125 0 0.01
v -0.015 0 0.0075
v -0.015 0 0.005
v -0.0125 0 0.005
v -0.0125 0 0.0075
v -0.0075 0 0
v -0.0075 0 -0.0025
v -0.005 0 -0.0025
v -0.005 0 0
v -0.0175 0 0.01
v -0.0175 0 0.0075
v -0.015 0 0.0075
v -0.015 0 0.01
v -0.0025 0 -0.0025
v -0.0025 0 -0.004227455
v -0.001913419 0 -0.004619396
v 0 0 -0.0025
v 0 0 -0.004999999
v -0.015 0 0.00333334
v -0.0125 0 0.00333334
v -0.0125 0 0.005
v -0.015 0 0.005
v -0.0175 0 0.0075
v -0.0175 0 0.005
v -0.015 0 0.005
v -0.015 0 0.0075
v -0.0075 0 -0.0025
v -0.0075 0 -0.005
v -0.005 0 -0.005
v -0.005 0 -0.0025
v -0.02 0 0.01
v -0.02 0 0.0075
v -0.0175 0 0.0075
v -0.0175 0 0.01
v -0.02 0 0.0075
v -0.02 0 0.005
v -0.0175 0 0.005
v -0.0175 0 0.0075
v -0.01 0 -0.0025
v -0.01 0 -0.005
v -0.0075 0 -0.005
v -0.0075 0 -0.0025
v -0.02 0 0.005
v -0.02 0 0.0025
v -0.0175 0 0.0025
v -0.0175 0 0.005
v -0.0225 0 0.0075
v -0.0225 0 0.005
v -0.02 0 0.005
v -0.02 0 0.0075
v -0.01 0 -0.005
v -0.01 0 -0.0075
v -0.0075 0 -0.0075
v -0.0075 0 -0.005
v -0.01673392 0 0
v -0.01673392 0 0.0025
v -0.0175 0 0.0025
v -0.0175 0 0
v -0.0125 0 0.005
v -0.0125 0 0.00333334
v -0.0115152 0 0.00333334
v -0.01 0 0.005
v -0.01 0 0.0025
v -0.01068186 0 0.0025
v -0.01 0 0.0025
v -0.01 0 0.00181814
v -0.009848698 0 0.001666839
v -0.0075 0 0.0025
v -0.0075 0 0
v -0.009848698 0 0
v -0.0225 0 0.005
v -0.0225 0 0.0025
v -0.02 0 0.0025
v -0.02 0 0.005
v -0.02 0 0.0025
v -0.02 0 0
v -0.0175 0 0
v -0.0175 0 0.0025
v -0.0125 0 -0.005
v -0.0125 0 -0.0075
v -0.01 0 -0.0075
v -0.01 0 -0.005
v -0.0125 0 -0.00333333
v -0.015 0 -0.00333333
v -0.015 0 -0.005
v -0.0125 0 -0.005
v -0.01673392 0 -0.0025
v -0.01673392 0 0
v -0.0175 0 0
v -0.0175 0 -0.0025
v -0.02361915 0 0.005
v -0.02361915 0 0.0025
v -0.0225 0 0.0025
v -0.0225 0 0.005
v -0.007407213 0 -0.0075
v -0.005 0 -0.005035094
v -0.005 0 -0.005
v -0.0075 0 -0.005
v -0.0075 0 -0.0075
v -0.02028615 0 0.01
v -0.02 0 0.0075
v -0.02 0 0.01
v -0.0225 0 0.0075
v -0.0225 0 0.007786153
v -0.0225 0 0.0025
v -0.0225 0 0
v -0.02 0 0
v -0.02 0 0.0025
v -0.015 0 -0.005
v -0.015 0 -0.0075
v -0.0125 0 -0.0075
v -0.0125 0 -0.005
v -0.02 0 0
v -0.02 0 -0.0025
v -0.0175 0 -0.0025
v -0.0175 0 0
v -0.0125 0 -0.0075
v -0.0125 0 -0.01
v -0.01 0 -0.01
v -0.01 0 -0.0075
v -0.02361915 0 0.0025
v -0.02361915 0 0
v -0.0225 0 0
v -0.0225 0 0.0025
v -0.0225 0 0
v -0.0225 0 -0.0025
v -0.02 0 -0.0025
v -0.02 0 0
v -0.0175 0 -0.005
v -0.0175 0 -0.0075
v -0.015 0 -0.0075
v -0.015 0 -0.005
v -0.02 0 -0.0025
v -0.02 0 -0.005
v -0.0175 0 -0.005
v -0.0175 0 -0.0025
v -0.015 0 -0.0075
v -0.015 0 -0.01
v -0.0125 0 -0.01
v -0.0125 0 -0.0075
v -0.009848698 0 0
v -0.0075 0 -0.0025
v -0.0075 0 0
v -0.009848698 0 -0.001666829
v -0.01 0 -0.0025
v -0.01 0 -0.001818131
v -0.02361915 0 0
v -0.02361915 0 -0.0025
v -0.0225 0 -0.0025
v -0.0225 0 0
v -0.0225 0 -0.0025
v -0.0225 0 -0.005
v -0.02 0 -0.005
v -0.02 0 -0.0025
v -0.02 0 -0.005
v -0.02 0 -0.0075
v -0.0175 0 -0.0075
v -0.0175 0 -0.005
v -0.0175 0 -0.0075
v -0.0175 0 -0.01
v -0.015 0 -0.01
v -0.015 0 -0.0075
v -0.02278615 0 0.0075
v -0.0225 0 0.005
v -0.0225 0 0.0075
v -0.02361915 0 0.006667003
v -0.02361915 0 0.005
v -0.02361915 0 -0.0025
v -0.02361915 0 -0.005
v -0.0225 0 -0.005
v -0.0225 0 -0.0025
v -0.009848698 0 -0.01
v -0.01 0 -0.0075
v -0.01 0 -0.01
v -0.0075 0 -0.0075
v -0.0075 0 -0.007595011
v -0.0225 0 -0.005
v -0.0225 0 -0.0075
v -0.02 0 -0.0075
v -0.02 0 -0.005
v -0.02 0 -0.0075
v -0.02 0 -0.01
v -0.0175 0 -0.01
v -0.0175 0 -0.0075
v -0.0175 0 0.005
v -0.0175 0 0.0025
v -0.01673392 0 0.0025
v -0.01673392 0 0.00333334
v -0.015 0 0.00333334
v -0.015 0 0.005
v -0.01068187 0 -0.0025
v -0.01 0 -0.005
v -0.01 0 -0.0025
v -0.0115152 0 -0.00333333
v -0.0125 0 -0.005
v -0.0125 0 -0.00333333
v -0.0175 0 -0.005
v -0.015 0 -0.005
v -0.015 0 -0.00333333
v -0.01673392 0 -0.00333333
v -0.0175 0 -0.0025
v -0.01673392 0 -0.0025
v -0.02361915 0 -0.005
v -0.02361915 0 -0.006667003
v -0.0225 0 -0.005
v -0.0225 0 -0.0075
v -0.02278615 0 -0.0075
v -0.0225 0 -0.007786153
v -0.02 0 -0.0075
v -0.0225 0 -0.0075
v -0.02028615 0 -0.01
v -0.02 0 -0.01
v 0.0225 0 0.007786153
v 0.02 0 0.0075
v 0.0225 0 0.0075
v 0.02028615 0 0.01
v 0.02 0 0.01
v 0.004965723 0 0.005
v 0.005 0 0.0025
v 0.005 0 0.005
v 0.003535534 0 0.003535534
v 0.0025 0 0.0025
v 0.0025 0 0.004227455
v -0.003535536 0 -0.003535532
v -0.0025 0 -0.004227455
v -0.0025 0 -0.0025
v -0.005 0 -0.0025
v -0.004965727 0 -0.005
v -0.005 0 -0.005
v 9.611479E-14 -0.0002499745 -0.005509795
v -0.00210851 -0.0005 -0.005090386
v -9.406358E-10 -0.0005 -0.005509795
v -0.002108511 -0.0002499746 -0.005090386
v 9.050939E-10 0 -0.005254923
v -0.002777785 -0.0005 -0.00464319
v -0.002010976 0 -0.004854915
v -0.002777785 -0.0002499745 -0.00464319
v -0.003467997 -0.0005 -0.004182004
v -0.003467997 -0.0002499746 -0.004182005
v -0.004608011 -0.0005 -0.005349341
v -0.002638907 0 -0.004435344
v -0.004608012 -0.0002499745 -0.005349342
v -0.004642285 -0.0005 -0.005384437
v -0.0025 0 -0.004227455
v -0.001913419 0 -0.004619396
v -0.003535536 0 -0.003535532
v -0.003501763 0 -0.003858801
v -0.004965727 0 -0.005
v -0.004786851 0 -0.005174689
v -0.005 0 -0.005035094
v -0.004642284 -0.0002499745 -0.005384436
v -0.007049499 -0.0005 -0.007849342
v -0.004821124 0 -0.005209783
v -0.007407213 0 -0.0075
v -0.007049498 -0.0002499745 -0.007849342
v -0.007142285 -0.0005 -0.007944353
v -0.007228337 0 -0.007674688
v -0.0075 0 -0.007595011
v -0.007142285 -0.0002499745 -0.007944354
v -0.009638114 -0.0005 -0.0105
v -0.007321124 0 -0.0077697
v -0.009848698 0 -0.01
v -0.009638114 -0.0002499745 -0.0105
v -0.01 -0.0005 -0.0105
v -0.009743394 0 -0.01025002
v -0.01 0 -0.01
v -0.01 -0.0002499745 -0.0105
v -0.0125 -0.0005 -0.0105
v -0.01 0 -0.01025002
v -0.0125 0 -0.01
v -0.0125 -0.0002499745 -0.0105
v -0.015 -0.0005 -0.0105
v -0.0125 0 -0.01025002
v -0.015 0 -0.01
v -0.015 -0.0002499745 -0.0105
v -0.0175 -0.0005 -0.0105
v -0.015 0 -0.01025002
v -0.0175 0 -0.01
v -0.0175 -0.0002499745 -0.0105
v -0.02 -0.0005 -0.0105
v -0.0175 0 -0.01025002
v -0.02 0 -0.01
v -0.02 -0.0002499745 -0.0105
v -0.02049326 -0.0005 -0.0105
v -0.02 0 -0.01025002
v -0.02028615 0 -0.01
v -0.02049326 -0.0002499745 -0.0105
v -0.02285355 -0.0005 -0.008139707
v -0.02038971 0 -0.01025002
v -0.0225 0 -0.007786153
v -0.02285355 -0.0002499744 -0.008139706
v -0.02313971 -0.0005 -0.007853553
v -0.02267679 0 -0.007962948
v -0.02278615 0 -0.0075
v -0.02313971 -0.0002499746 -0.007853554
v -0.02411915 -0.0005 -0.00687411
v -0.02296295 0 -0.007676795
v -0.02361915 0 -0.006667003
v -0.02411915 -0.0002499745 -0.00687411
v -0.02411915 -0.0005 -0.005
v -0.02386918 0 -0.006770567
v -0.02361915 0 -0.005
v -0.02411915 -0.0002499745 -0.005
v -0.02411915 -0.0005 -0.0025
v -0.02386918 0 -0.005
v -0.02361915 0 -0.0025
v -0.02411915 -0.0002499745 -0.0025
v -0.02411915 -0.0005 0
v -0.02386918 0 -0.0025
v -0.02361915 0 0
v -0.02411915 -0.0002499745 0
v -0.02411915 -0.0005 0.0025
v -0.02386918 0 0
v -0.02361915 0 0.0025
v -0.02411915 -0.0002499745 0.0025
v -0.02411915 -0.0005 0.005
v -0.02386918 0 0.0025
v -0.02361915 0 0.005
v -0.02411915 -0.0002499745 0.005
v -0.02411915 -0.0005 0.00687411
v -0.02386918 0 0.005
v -0.02361915 0 0.006667003
v -0.02411915 -0.0002499745 0.00687411
v -0.02313971 -0.0005 0.007853554
v -0.02386918 0 0.006770567
v -0.02278615 0 0.0075
v -0.02313971 -0.0002499744 0.007853553
v -0.02285355 -0.0005 0.008139706
v -0.02296295 0 0.007676794
v -0.0225 0 0.007786153
v -0.02285355 -0.0002499746 0.008139707
v -0.02049326 -0.0005 0.0105
v -0.02267679 0 0.007962949
v -0.02028615 0 0.01
v -0.02049326 -0.000249975 0.0105
v -0.02 -0.0005 0.0105
v -0.02038972 0 0.01025002
v -0.02 0 0.01
v -0.02 -0.0002499745 0.0105
v -0.0175 -0.0005 0.0105
v -0.02 0 0.01025002
v -0.0175 0 0.01
v -0.0175 -0.0002499745 0.0105
v -0.015 -0.0005 0.0105
v -0.0175 0 0.01025002
v -0.015 0 0.01
v -0.015 -0.0002499745 0.0105
v -0.0125 -0.0005 0.0105
v -0.015 0 0.01025002
v -0.0125 0 0.01
v -0.0125 -0.0002499745 0.0105
v -0.01 -0.0005 0.0105
v -0.0125 0 0.01025002
v -0.01 0 0.01
v -0.01 -0.0002499745 0.0105
v -0.009638114 -0.0005 0.0105
v -0.01 0 0.01025002
v -0.009848698 0 0.01
v -0.009638114 -0.0002499745 0.0105
v -0.007142285 -0.0005 0.007944355
v -0.009743395 0 0.01025002
v -0.0075 0 0.007595012
v -0.007142285 -0.0002499745 0.007944355
v -0.007049496 -0.0005 0.007849342
v -0.007321124 0 0.007769702
v -0.007407211 0 0.0075
v -0.007049496 -0.0002499745 0.007849342
v -0.004642284 -0.0005 0.00538444
v -0.007228335 0 0.007674688
v -0.005 0 0.005035098
v -0.004642284 -0.0002499745 0.005384441
v -0.004608009 -0.0005 0.005349342
v -0.004821124 0 0.005209787
v -0.004965723 0 0.005
v -0.004786847 0 0.005174689
v -0.004608008 -0.0002499746 0.005349341
v -0.003467995 -0.0005 0.004182007
v -0.003467995 -0.0002499745 0.004182007
v -0.002777785 -0.0005 0.00464319
v -0.003501761 0 0.003858804
v -0.002777785 -0.0002499745 0.00464319
v -0.002108508 -0.0005 0.005090388
v -0.002108508 -0.0002499745 0.005090388
v 6.798654E-10 -0.0005 0.005509795
v -0.002638907 0 0.004435344
v -0.0025 0 0.004227455
v -0.003535534 0 0.003535534
v -0.002010972 0 0.004854917
v -6.939994E-14 -0.0002499745 0.005509795
v 0.002108508 -0.0005 0.005090388
v -6.64141E-10 0 0.005254923
v 0.002108508 -0.0002499745 0.005090388
v 0.002777785 -0.0005 0.00464319
v 0.002010972 0 0.004854917
v 0.002777785 -0.0002499745 0.00464319
v 0.003467995 -0.0005 0.004182007
v 0.002638907 0 0.004435344
v 0.003467995 -0.0002499745 0.004182007
v 0.004608008 -0.0005 0.005349341
v 0.004608008 -0.0002499745 0.005349342
v 0.004642285 -0.0005 0.005384441
v 0.003501761 0 0.003858804
v 0.004642284 -0.0002499746 0.00538444
v 0.007049496 -0.0005 0.007849342
v 0.003535534 0 0.003535534
v 0.0025 0 0.004227455
v 0.004965723 0 0.005
v 0.004786848 0 0.005174689
v 0.005 0 0.005035098
v 0.004821124 0 0.005209787
v 0.007407211 0 0.0075
v 0.007049496 -0.0002499745 0.007849342
v 0.007142285 -0.0005 0.007944355
v 0.007228335 0 0.007674688
v 0.0075 0 0.007595012
v 0.007142285 -0.0002499745 0.007944355
v 0.009638114 -0.0005 0.0105
v 0.007321124 0 0.007769702
v 0.009848698 0 0.01
v 0.009638114 -0.0002499746 0.0105
v 0.01 -0.0005 0.0105
v 0.009743394 0 0.01025002
v 0.01 0 0.01
v 0.01 -0.0002499745 0.0105
v 0.0125 -0.0005 0.0105
v 0.01 0 0.01025002
v 0.0125 0 0.01
v 0.0125 -0.0002499745 0.0105
v 0.015 -0.0005 0.0105
v 0.0125 0 0.01025002
v 0.015 0 0.01
v 0.015 -0.0002499745 0.0105
v 0.0175 -0.0005 0.0105
v 0.015 0 0.01025002
v 0.0175 0 0.01
v 0.0175 -0.0002499745 0.0105
v 0.02 -0.0005 0.0105
v 0.0175 0 0.01025002
v 0.02 0 0.01
v 0.02 -0.0002499745 0.0105
v 0.02049326 -0.0005 0.0105
v 0.02 0 0.01025002
v 0.02028615 0 0.01
v 0.02049326 -0.0002499745 0.0105
v 0.02285355 -0.0005 0.008139707
v 0.02038971 0 0.01025002
v 0.0225 0 0.007786153
v 0.02285355 -0.0002499744 0.008139706
v 0.02313971 -0.0005 0.007853553
v 0.02267679 0 0.007962948
v 0.02278615 0 0.0075
v 0.02313971 -0.0002499746 0.007853554
v 0.02411915 -0.0005 0.00687411
v 0.02296295 0 0.007676795
v 0.02361915 0 0.006667003
v 0.02411915 -0.0002499745 0.00687411
v 0.02411915 -0.0005 0.005
v 0.02386918 0 0.006770567
v 0.02361915 0 0.005
v 0.02411915 -0.0002499745 0.005
v 0.02411915 -0.0005 0.0025
v 0.02386918 0 0.005
v 0.02361915 0 0.0025
v 0.02411915 -0.0002499745 0.0025
v 0.02411915 -0.0005 0
v 0.02386918 0 0.0025
v 0.02361915 0 0
v 0.02411915 -0.0002499745 0
v 0.02411915 -0.0005 -0.0025
v 0.02386918 0 0
v 0.02361915 0 -0.0025
v 0.02411915 -0.0002499745 -0.0025
v 0.02411915 -0.0005 -0.005
v 0.02386918 0 -0.0025
v 0.02361915 0 -0.005
v 0.02411915 -0.0002499745 -0.005
v 0.02411915 -0.0005 -0.00687411
v 0.02386918 0 -0.005
v 0.02361915 0 -0.006667003
v 0.02411915 -0.0002499745 -0.00687411
v 0.02313971 -0.0005 -0.007853554
v 0.02386918 0 -0.006770567
v 0.02278615 0 -0.0075
v 0.02313971 -0.0002499744 -0.007853553
v 0.02285355 -0.0005 -0.008139706
v 0.02296295 0 -0.007676794
v 0.0225 0 -0.007786153
v 0.02285355 -0.0002499746 -0.008139707
v 0.02049326 -0.0005 -0.0105
v 0.02267679 0 -0.007962949
v 0.02028615 0 -0.01
v 0.02049326 -0.000249975 -0.0105
v 0.02 -0.0005 -0.0105
v 0.02038972 0 -0.01025002
v 0.02 0 -0.01
v 0.02 -0.0002499745 -0.0105
v 0.0175 -0.0005 -0.0105
v 0.02 0 -0.01025002
v 0.0175 0 -0.01
v 0.0175 -0.0002499745 -0.0105
v 0.015 -0.0005 -0.0105
v 0.0175 0 -0.01025002
v 0.015 0 -0.01
v 0.015 -0.0002499745 -0.0105
v 0.0125 -0.0005 -0.0105
v 0.015 0 -0.01025002
v 0.0125 0 -0.01
v 0.0125 -0.0002499745 -0.0105
v 0.01 -0.0005 -0.0105
v 0.0125 0 -0.01025002
v 0.01 0 -0.01
v 0.01 -0.0002499745 -0.0105
v 0.009638114 -0.0005 -0.0105
v 0.01 0 -0.01025002
v 0.009848698 0 -0.01
v 0.009638114 -0.0002499745 -0.0105
v 0.007142285 -0.0005 -0.007944354
v 0.009743394 0 -0.01025002
v 0.0075 0 -0.007595011
v 0.007142285 -0.0002499745 -0.007944353
v 0.007049498 -0.0005 -0.007849342
v 0.007321124 0 -0.0077697
v 0.007407213 0 -0.0075
v 0.007049499 -0.0002499745 -0.007849342
v 0.004642284 -0.0005 -0.005384436
v 0.007228337 0 -0.007674689
v 0.005 0 -0.005035094
v 0.004642284 -0.0002499745 -0.005384437
v 0.004608012 -0.0005 -0.005349342
v 0.004821124 0 -0.005209783
v 0.004965727 0 -0.005
v 0.004608012 -0.0002499745 -0.005349341
v 0.003467997 -0.0005 -0.004182005
v 0.004786851 0 -0.005174689
v 0.003535536 0 -0.003535532
v 0.003467997 -0.0002499745 -0.004182004
v 0.002777785 -0.0005 -0.00464319
v 0.003501763 0 -0.003858801
v 0.0025 0 -0.004227455
v 0.002777785 -0.0002499745 -0.00464319
v 0.002108511 -0.0005 -0.005090386
v 0.002638907 0 -0.004435344
v 0.001913419 0 -0.004619396
v 0.002108511 -0.0002499744 -0.005090386
v -9.406358E-10 -0.0005 -0.005509795
v 9.611479E-14 -0.0002499745 -0.005509795
v 0.002010975 0 -0.004854915
v 0 0 -0.004999999
v 9.050939E-10 0 -0.005254923
v 0.0025 0 0.004227455
v 0.002638907 0 0.004435344
v 0.002010972 0 0.004854917
v 0.001913417 0 0.004619398
v -6.64141E-10 0 0.005254923
v 0 0 0.005
v -0.002010972 0 0.004854917
v -0.001913417 0 0.004619398
v -0.002638907 0 0.004435344
v -0.0025 0 0.004227455
v -0.001913419 0 -0.004619396
v -0.002010976 0 -0.004854915
v 9.050939E-10 0 -0.005254923
v 0 0 -0.004999999
v -0.003535534 0 0.003535534
v -0.003501761 0 0.003858804
v -0.004786847 0 0.005174689
v -0.004965723 0 0.005
v -0.0125 0 -0.002999978
v -0.01165328 0 -0.002999978
v -0.0117223 -0.0001666483 -0.00283333
v -0.0125 -0.0001666483 -0.00283333
v -0.0117223 -0.0005 -0.00283333
v -0.0125 -0.0005 -0.00283333
v -0.015 0 -0.002999978
v -0.0125 0 -0.00333333
v -0.015 -0.0001666483 -0.00283333
v -0.015 -0.0005 -0.00283333
v -0.015 0 -0.00333333
v -0.01640057 0 -0.002999978
v -0.01673392 0 -0.00333333
v -0.01623392 -0.0001666483 -0.00283333
v -0.01623392 -0.0005 -0.00283333
v -0.01640057 0 -0.0025
v -0.01673392 0 -0.0025
v -0.01623392 -0.0001666483 -0.0025
v -0.01623392 -0.0005 -0.0025
v -0.01640057 0 0
v -0.01673392 0 0
v -0.01623392 -0.0001666483 0
v -0.01623392 -0.0005 0
v -0.01640057 0 0.0025
v -0.01673392 0 0.0025
v -0.01623392 -0.0001666483 0.0025
v -0.01623392 -0.0005 0.0025
v -0.01640057 0 0.002999988
v -0.01673392 0 0.00333334
v -0.01623392 -0.0001666483 0.00283334
v -0.01623392 -0.0005 0.00283334
v -0.015 0 0.002999988
v -0.015 0 0.00333334
v -0.015 -0.0001666483 0.00283334
v -0.015 -0.0005 0.00283334
v -0.0125 0 0.002999988
v -0.0125 0 0.00333334
v -0.0125 -0.0001666483 0.00283334
v -0.01165328 0 0.002999988
v -0.0125 -0.0005 0.00283334
v -0.01172231 -0.0001666485 0.00283334
v -0.0117223 -0.0005 0.00283334
v -0.0125 0 0.002999988
v -0.01165328 0 0.002999988
v -0.0115152 0 0.00333334
v -0.01091757 0 0.002264285
v -0.01068186 0 0.0025
v -0.01172231 -0.0001666485 0.00283334
v -0.01023571 0 0.001582425
v -0.01 0 0.00181814
v -0.01103541 -0.0001666483 0.002146447
v -0.0117223 -0.0005 0.00283334
v -0.01103541 -0.0005 0.002146447
v -0.01035355 -0.0001666484 0.001464587
v -0.01035355 -0.0005 0.001464587
v -0.01018205 0 0.001528755
v -0.009848698 0 0.001666839
v -0.0103487 -0.0001666483 0.001459731
v -0.0103487 -0.0005 0.001459731
v -0.01018205 0 0
v -0.009848698 0 0
v -0.0103487 -0.0001666483 0
v -0.0103487 -0.0005 0
v -0.01018205 0 -0.001528747
v -0.009848698 0 -0.001666829
v -0.0103487 -0.0001666484 -0.001459722
v -0.0103487 -0.0005 -0.001459722
v -0.01023571 0 -0.001582416
v -0.01 0 -0.001818131
v -0.01035355 -0.0001666483 -0.001464578
v -0.01035355 -0.0005 -0.001464577
v -0.01091758 0 -0.002264285
v -0.01068187 0 -0.0025
v -0.01103542 -0.0001666484 -0.002146447
v -0.01103542 -0.0005 -0.002146447
v -0.01165328 0 -0.002999978
v -0.0115152 0 -0.00333333
v -0.0125 0 -0.002999978
v -0.0117223 -0.0001666483 -0.00283333
v -0.0117223 -0.0005 -0.00283333
v 0.01091821 0 -0.002263654
v 0.01165365 0 -0.002999087
v 0.0117223 -0.000165757 -0.00283333
v 0.01103542 -0.0001657569 -0.002146447
v 0.0117223 -0.0005 -0.00283333
v 0.01103542 -0.0005 -0.002146447
v 0.01023635 0 -0.001581785
v 0.01035355 -0.000165757 -0.001464577
v 0.01035355 -0.0005 -0.001464578
v 0.01018294 0 -0.001528381
v 0.01 0 -0.001818131
v 0.009848698 0 -0.001666829
v 0.0103487 -0.000165757 -0.001459722
v 0.0103487 -0.0005 -0.001459722
v 0.01018294 0 0
v 0.0103487 -0.000165757 0
v 0.0103487 -0.0005 0
v 0.0103487 -0.0001657569 0.001459731
v 0.0103487 -0.0005 0.001459731
v 0.01018294 0 0.001528387
v 0.01035355 -0.0001657569 0.001464587
v 0.01035355 -0.0005 0.001464587
v 0.009848698 0 0
v 0.009848698 0 0.001666839
v 0.01023635 0 0.001581795
v 0.01 0 0.00181814
v 0.0109182 0 0.002263654
v 0.01068186 0 0.0025
v 0.01103541 -0.000165757 0.002146447
v 0.01103541 -0.0005 0.002146447
v 0.01165365 0 0.002999096
v 0.0115152 0 0.00333334
v 0.0117223 -0.000165757 0.00283334
v 0.01172231 -0.0005 0.00283334
v 0.01165365 0 0.002999096
v 0.0125 0 0.002999096
v 0.0125 0 0.00333334
v 0.01165365 0 0.002999096
v 0.0117223 -0.000165757 0.00283334
v 0.0125 -0.000165757 0.00283334
v 0.01172231 -0.0005 0.00283334
v 0.0125 -0.0005 0.00283334
v 0.015 0 0.002999096
v 0.015 -0.000165757 0.00283334
v 0.015 -0.0005 0.00283334
v 0.01639968 0 0.002999096
v 0.015 0 0.00333334
v 0.01673392 0 0.00333334
v 0.01623392 -0.000165757 0.00283334
v 0.01623392 -0.0005 0.00283334
v 0.01639968 0 0.0025
v 0.01673392 0 0.0025
v 0.01623392 -0.000165757 0.0025
v 0.01623392 -0.0005 0.0025
v 0.01639968 0 0
v 0.01673392 0 0
v 0.01623392 -0.000165757 0
v 0.01623392 -0.0005 0
v 0.01639968 0 -0.0025
v 0.01673392 0 -0.0025
v 0.01623392 -0.000165757 -0.0025
v 0.01623392 -0.0005 -0.0025
v 0.01639968 0 -0.002999087
v 0.01673392 0 -0.00333333
v 0.01623392 -0.000165757 -0.00283333
v 0.01623392 -0.0005 -0.00283333
v 0.015 0 -0.002999087
v 0.015 0 -0.00333333
v 0.015 -0.000165757 -0.00283333
v 0.015 -0.0005 -0.00283333
v 0.0125 0 -0.002999087
v 0.0125 -0.000165757 -0.00283333
v 0.01165365 0 -0.002999087
v 0.0125 -0.0005 -0.00283333
v 0.0117223 -0.000165757 -0.00283333
v 0.0117223 -0.0005 -0.00283333
v 0.01068187 0 -0.0025
v 0.01023635 0 -0.001581785
v 0.01 0 -0.001818131
v 0.01091821 0 -0.002263654
v 0.0115152 0 -0.00333333
v 0.01165365 0 -0.002999087
v 0.015 0 -0.00333333
v 0.015 0 -0.002999087
v 0.0125 0 -0.002999087
v 0.0125 0 -0.00333333
v 0.01165365 0 -0.002999087
v 0.0115152 0 -0.00333333
v 0.0125 0 0.00333334
v 0.0125 0 0.002999096
v 0.015 0 0.002999096
v 0.015 0 0.00333334
v 0.009848698 0 -0.001666829
v 0.01018294 0 -0.001528381
v 0.009848698 0 0
vt 0.01371002 1
vt 0 0.9858398
vt 0 1
vt 0.2727051 1
vt 0 0.7270508
vt 0 1
vt 1 0.9858398
vt 0.9863281 1
vt 1 1
vt 0 0.2727051
vt 0.2727051 0
vt 0 0
vt 2.980232E-07 0.1144409
vt 0.1144409 0
vt 2.980232E-07 0
vt 0.1144409 1
vt 2.980232E-07 0.8857422
vt 2.980232E-07 1
vt 0.9863281 0
vt 1 0.01403809
vt 1 0
vt 0.9628906 0
vt 1 0.03799438
vt 1 0
vt 0.7270508 0
vt 1 0.2727051
vt 1 0
vt 0 0.01403809
vt 0.01371002 0
vt 0 0
vt 1 0.7270508
vt 0.7270508 1
vt 1 1
vt 1 0.8857422
vt 0.8857422 1
vt 1 1
vt 0 0.03799438
vt 0.03710938 0
vt 0 0
vt 0.8857422 0
vt 1 0.1144409
vt 1 0
vt 1 0
vt 0 0.9619141
vt 0.04257202 0.9960938
vt 1 1
vt 0.03710938 0
vt 0.02748108 0.9960938
vt 0 0
vt 0 1
vt 1 1
vt 1 0
vt 2.980232E-07 0
vt 2.980232E-07 1
vt 1 1
vt 1 0
vt 0 2.980232E-07
vt 0 0.690918
vt 0.4143066 0.4143066
vt 1 2.980232E-07
vt 1 1
vt 0.9863281 1
vt 0 0.03799438
vt 1 0
vt 0 0
vt 0.9394531 1
vt 1 1
vt 0 0.01403809
vt 1 0
vt 0 0
vt 0.9628906 1
vt 1 1
vt 0 2.980232E-07
vt 0 1
vt 1 1
vt 1 2.980232E-07
vt 0 0
vt 0 1
vt 1 1
vt 1 0
vt 0 0
vt 0 1
vt 1 1
vt 1 0
vt 0 0
vt 0 1
vt 1 1
vt 1 0
vt 0 0
vt 0 1
vt 1 1
vt 1 0
vt 1 0
vt 0.2346191 0.1522217
vt 1 1
vt 2.980232E-07 1
vt 2.980232E-07 0.309082
vt 0 0
vt 0 1
vt 1 1
vt 1 0
vt 0 0
vt 0 1
vt 1 1
vt 1 0
vt 0 0
vt 0 1
vt 1 1
vt 1 0
vt 0 0
vt 0 1
vt 1 1
vt 1 0
vt 0 2.980232E-07
vt 0 1
vt 1 1
vt 1 2.980232E-07
vt 0 0
vt 0 1
vt 1 1
vt 1 0
vt 0 0
vt 0 1
vt 1 1
vt 1 0
vt 2.980232E-07 0
vt 2.980232E-07 1
vt 1 1
vt 1 0
vt 0 1
vt 1 1
vt 1 0.309082
vt 0.7651367 0.1522217
vt 0 0
vt 1 0.333252
vt 0 0.333252
vt 0 1
vt 1 1
vt 2.980232E-07 0
vt 2.980232E-07 1
vt 1 1
vt 1 0
vt 0 0
vt 0 1
vt 1 1
vt 1 0
vt 0 0
vt 0 1
vt 1 1
vt 1 0
vt 0 0
vt 0 1
vt 1 1
vt 1 0
vt 0 0
vt 0 1
vt 1 1
vt 1 0
vt 0 2.980232E-07
vt 0 1
vt 1 1
vt 1 2.980232E-07
vt 0 0
vt 0 1
vt 1 1
vt 1 0
vt 0 0
vt 0 1
vt 1 1
vt 1 0
vt 0.6933594 0
vt 0.6933594 1
vt 1 1
vt 1 0
vt 0 1
vt 1 1
vt 1 0.333252
vt 0.605957 0.333252
vt 0 2.980232E-07
vt 0.2727051 2.980232E-07
vt 0 1
vt 1 1
vt 1 0.7270508
vt 0.9394531 0.6665039
vt 0 0
vt 0.9394531 0
vt 0 2.980232E-07
vt 0 1
vt 1 1
vt 1 2.980232E-07
vt 0 0
vt 0 1
vt 1 1
vt 1 0
vt 0 0
vt 0 1
vt 1 1
vt 1 0
vt 0 0.6665039
vt 1 0.6665039
vt 1 0
vt 0 0
vt 0.6933594 0
vt 0.6933594 1
vt 1 1
vt 1 0
vt 0.4477539 1
vt 0.4477539 2.980232E-07
vt 2.980232E-07 2.980232E-07
vt 2.980232E-07 1
vt 0.9628906 0
vt 0 0.9858398
vt 0 1
vt 1 1
vt 1 0
vt 1 0.1144409
vt 1 0
vt 0 0
vt 0.1144409 1
vt 0 1
vt 0 0
vt 0 1
vt 1 1
vt 1 0
vt 0 0
vt 0 1
vt 1 1
vt 1 0
vt 0 0
vt 0 1
vt 1 1
vt 1 0
vt 0 0
vt 0 1
vt 1 1
vt 1 0
vt 0.4477539 1
vt 0.4477539 0
vt 2.980232E-07 0
vt 2.980232E-07 1
vt 0 0
vt 0 1
vt 1 1
vt 1 0
vt 0 0
vt 0 1
vt 1 1
vt 1 0
vt 2.980232E-07 0
vt 2.980232E-07 1
vt 1 1
vt 1 0
vt 0 0
vt 0 1
vt 1 1
vt 1 0
vt 0 0
vt 0 1
vt 0.9394531 1
vt 0.9394531 0.333252
vt 1 0.2727051
vt 1 0
vt 0.4477539 1
vt 0.4477539 0
vt 2.980232E-07 0
vt 2.980232E-07 1
vt 0 0
vt 0 1
vt 1 1
vt 1 0
vt 0 0
vt 0 1
vt 1 1
vt 1 0
vt 2.980232E-07 0
vt 2.980232E-07 1
vt 1 1
vt 1 0
vt 2.980232E-07 0
vt 2.980232E-07 1
vt 0.1144409 1
vt 0.4477539 0.6669922
vt 0.4477539 0
vt 0.4477539 1
vt 0.4477539 0
vt 2.980232E-07 0
vt 2.980232E-07 1
vt 0.9394531 0
vt 1 1
vt 1 0
vt 0 1
vt 0 0.9619141
vt 0 0
vt 0 1
vt 1 1
vt 1 0
vt 0 0
vt 0 1
vt 1 1
vt 1 0
vt 0.6933594 2.980232E-07
vt 1 1
vt 1 2.980232E-07
vt 0.6933594 0.333252
vt 2.980232E-07 1
vt 2.980232E-07 0.333252
vt 0 0
vt 0 1
vt 0.2727051 1
vt 0.605957 0.6665039
vt 1 0.6665039
vt 1 0
vt 2.980232E-07 0
vt 2.980232E-07 0.6665039
vt 0.6933594 0.6665039
vt 1 0
vt 1 1
vt 0.6933594 1
vt 2.980232E-07 1
vt 0.4477539 1
vt 0.4477539 0.333252
vt 2.980232E-07 0
vt 0.1144409 0
vt 1 1
vt 1 0.309082
vt 0.5859375 0.5859375
vt 0 1
vt 0 0
vt 0.01371002 0
vt 1 0.9619141
vt 2.980232E-07 1
vt 1 1
vt 0.06051636 0
vt 2.980232E-07 0
vt 0.03710938 0
vt 0 0
vt 0 1
vt 1 0.9858398
vt 1 1
vt 0 0
vt 0 1
vt 1 1
vt 1 0
vt 2.980232E-07 0
vt 2.980232E-07 1
vt 1 1
vt 1 0
vt 0 0
vt 0 1
vt 1 1
vt 1 0
vt 0 0
vt 0 1
vt 1 1
vt 1 0
vt 2.980232E-07 0
vt 2.980232E-07 1
vt 1 1
vt 1 0
vt 0 2.980232E-07
vt 0 1
vt 0.7651367 0.8476563
vt 1 0.690918
vt 1 2.980232E-07
vt 0 0
vt 0 1
vt 1 1
vt 1 0
vt 0 0
vt 0 1
vt 1 1
vt 1 0
vt 0 0
vt 0 1
vt 1 1
vt 1 0
vt 2.980232E-07 0
vt 2.980232E-07 1
vt 1 1
vt 1 0
vt 0 0
vt 0 1
vt 1 1
vt 1 0
vt 0 0
vt 0 1
vt 1 1
vt 1 0
vt 0 0
vt 0 1
vt 1 1
vt 1 0
vt 0 0
vt 0 1
vt 1 1
vt 1 0
vt 2.980232E-07 2.980232E-07
vt 2.980232E-07 0.690918
vt 0.2346191 0.8476563
vt 1 2.980232E-07
vt 1 1
vt 0 0.6665039
vt 1 0.6665039
vt 1 0
vt 0 0
vt 0 0
vt 0 1
vt 1 1
vt 1 0
vt 0 2.980232E-07
vt 0 1
vt 1 1
vt 1 2.980232E-07
vt 0 0
vt 0 1
vt 1 1
vt 1 0
vt 0 0
vt 0 1
vt 1 1
vt 1 0
vt 2.980232E-07 2.980232E-07
vt 2.980232E-07 1
vt 1 1
vt 1 2.980232E-07
vt 0 0
vt 0 1
vt 1 1
vt 1 0
vt 0 0
vt 0 1
vt 1 1
vt 1 0
vt 2.980232E-07 0
vt 2.980232E-07 1
vt 1 1
vt 1 0
vt 0.3063965 1
vt 0.3063965 0
vt 0 0
vt 0 1
vt 0 0
vt 0 0.6665039
vt 0.3937988 0.6665039
vt 1 0
vt 1 1
vt 0.7270508 1
vt 2.980232E-07 0
vt 2.980232E-07 0.2727051
vt 0.06051636 0.333252
vt 1 0
vt 1 1
vt 0.06051636 1
vt 0 0
vt 0 1
vt 1 1
vt 1 0
vt 0 0
vt 0 1
vt 1 1
vt 1 0
vt 0 0
vt 0 1
vt 1 1
vt 1 0
vt 1 0.333252
vt 0 0.333252
vt 0 1
vt 1 1
vt 0.3063965 1
vt 0.3063965 0
vt 0 0
vt 0 1
vt 0.5522461 0
vt 0.5522461 1
vt 1 1
vt 1 0
vt 0.03710938 1
vt 1 0.01403809
vt 1 0
vt 0 0
vt 0 1
vt 0.8857422 0
vt 1 1
vt 1 0
vt 0 1
vt 0 0.8857422
vt 0 0
vt 0 1
vt 1 1
vt 1 0
vt 0 0
vt 0 1
vt 1 1
vt 1 0
vt 0 0
vt 0 1
vt 1 1
vt 1 0
vt 0 0
vt 0 1
vt 1 1
vt 1 0
vt 0.5522461 0
vt 0.5522461 1
vt 1 1
vt 1 0
vt 0 0
vt 0 1
vt 1 1
vt 1 0
vt 0 0
vt 0 1
vt 1 1
vt 1 0
vt 0 2.980232E-07
vt 0 1
vt 1 1
vt 1 2.980232E-07
vt 0 0
vt 0 1
vt 1 1
vt 1 0
vt 0.06051636 0
vt 1 1
vt 1 0
vt 0.06051636 0.6665039
vt 2.980232E-07 1
vt 2.980232E-07 0.7270508
vt 0.5522461 0
vt 0.5522461 1
vt 1 1
vt 1 0
vt 0 2.980232E-07
vt 0 1
vt 1 1
vt 1 2.980232E-07
vt 0 0
vt 0 1
vt 1 1
vt 1 0
vt 0 0
vt 0 1
vt 1 1
vt 1 0
vt 0.8857422 0
vt 1 1
vt 1 0
vt 0.5522461 0.333252
vt 0.5522461 1
vt 0.5522461 2.980232E-07
vt 0.5522461 1
vt 1 1
vt 1 2.980232E-07
vt 0.06051636 1
vt 2.980232E-07 0
vt 2.980232E-07 1
vt 1 0
vt 1 0.03799438
vt 0 0
vt 0 1
vt 1 1
vt 1 0
vt 0 0
vt 0 1
vt 1 1
vt 1 0
vt 0 0
vt 0 1
vt 0.3063965 1
vt 0.3063965 0.6665039
vt 1 0.6665039
vt 1 0
vt 0.7270508 2.980232E-07
vt 1 1
vt 1 2.980232E-07
vt 0.3937988 0.333252
vt 0 1
vt 0 0.333252
vt 0 1
vt 1 1
vt 1 0.333252
vt 0.3063965 0.333252
vt 0 2.980232E-07
vt 0.3063965 2.980232E-07
vt 0.5522461 0
vt 0.5522461 0.6669922
vt 1 0
vt 1 1
vt 0.8857422 1
vt 0 0.1144409
vt 1 0
vt 0 0
vt 0.8857422 1
vt 1 1
vt 1 0.8857422
vt 0 1
vt 1 1
vt 0.1144409 0
vt 0 0
vt 0.9863281 0
vt 1 1
vt 1 0
vt 0.4143066 0.5859375
vt 0 1
vt 0 0.309082
vt 0.5859375 0.4143066
vt 1 0.690918
vt 1 2.980232E-07
vt 0 2.980232E-07
vt 0.01371002 1
vt 0 1
vt 0.004634857 0.9638672
vt 0.008430481 0.9321289
vt 0.004634857 0.9321289
vt 0.008430481 0.9638672
vt 0.004634857 0.9960938
vt 0.009849548 0.9321289
vt 0.008430481 0.9960938
vt 0.009849548 0.9638672
vt 0.01132965 0.9321289
vt 0.01132965 0.9638672
vt 0.01151276 0.9321289
vt 0.00982666 0.9960938
vt 0.01151276 0.9638672
vt 0.01151276 0.9321289
vt 0.009796143 0.9960938
vt 0.008430481 0.9960938
vt 0.01222992 0.9960938
vt 0.01177979 0.9960938
vt 0.0121994 0.9960938
vt 0.01185608 0.9960938
vt 0.0121994 0.9960938
vt 0.01151276 0.9638672
vt 0.01171112 0.9321289
vt 0.01185608 0.9960938
vt 0.01216888 0.9960938
vt 0.01171112 0.9638672
vt 0.01171875 0.9321289
vt 0.01194 0.9960938
vt 0.01216888 0.9960938
vt 0.01171875 0.9638672
vt 0.01181793 0.9321289
vt 0.01194 0.9960938
vt 0.01215363 0.9960938
vt 0.01181793 0.9638672
vt 0.01199341 0.9321289
vt 0.01198578 0.9960938
vt 0.01222992 0.9960938
vt 0.01199341 0.9638672
vt 0.01306915 0.9321289
vt 0.01211548 0.9960938
vt 0.01329803 0.9960938
vt 0.01306915 0.9638672
vt 0.01392365 0.9321289
vt 0.01318359 0.9960938
vt 0.01413727 0.9960938
vt 0.01392365 0.9638672
vt 0.01460266 0.9321289
vt 0.01403046 0.9960938
vt 0.01480865 0.9960938
vt 0.01460266 0.9638672
vt 0.01515198 0.9321289
vt 0.01470184 0.9960938
vt 0.01534271 0.9960938
vt 0.01515198 0.9638672
vt 0.01525116 0.9321289
vt 0.01525116 0.9960938
vt 0.01539612 0.9960938
vt 0.01525116 0.9638672
vt 0.01652527 0.9321289
vt 0.01531982 0.9960938
vt 0.01660156 0.9960938
vt 0.01652527 0.9638672
vt 0.0166626 0.9321289
vt 0.01655579 0.9960938
vt 0.01675415 0.9960938
vt 0.0166626 0.9638672
vt 0.01713562 0.9321289
vt 0.01670837 0.9960938
vt 0.01716614 0.9960938
vt 0.01713562 0.9638672
vt 0.01785278 0.9321289
vt 0.01715088 0.9960938
vt 0.01780701 0.9960938
vt 0.01785278 0.9638672
vt 0.01882935 0.9321289
vt 0.01783752 0.9960938
vt 0.01881409 0.9960938
vt 0.01882935 0.9638672
vt 0.01983643 0.9321289
vt 0.01881409 0.9960938
vt 0.01983643 0.9960938
vt 0.01983643 0.9638672
vt 0.02082825 0.9321289
vt 0.01983643 0.9960938
vt 0.02084351 0.9960938
vt 0.02082825 0.9638672
vt 0.02180481 0.9321289
vt 0.02084351 0.9960938
vt 0.02185059 0.9960938
vt 0.02180481 0.9638672
vt 0.02252197 0.9321289
vt 0.02182007 0.9960938
vt 0.02249146 0.9960938
vt 0.02252197 0.9638672
vt 0.022995 0.9321289
vt 0.02250671 0.9960938
vt 0.02290344 0.9960938
vt 0.022995 0.9638672
vt 0.02313232 0.9321289
vt 0.02294922 0.9960938
vt 0.02305603 0.9960938
vt 0.02313232 0.9638672
vt 0.02441406 0.9321289
vt 0.02310181 0.9960938
vt 0.02426147 0.9960938
vt 0.02441406 0.9638672
vt 0.02450562 0.9321289
vt 0.02433777 0.9960938
vt 0.02430725 0.9960938
vt 0.02450562 0.9638672
vt 0.02505493 0.9321289
vt 0.02441406 0.9960938
vt 0.02485657 0.9960938
vt 0.02505493 0.9638672
vt 0.02574158 0.9321289
vt 0.02494812 0.9960938
vt 0.0255127 0.9960938
vt 0.02574158 0.9638672
vt 0.02658081 0.9321289
vt 0.02561951 0.9960938
vt 0.02635193 0.9960938
vt 0.02658081 0.9638672
vt 0.02766418 0.9321289
vt 0.026474 0.9960938
vt 0.02742004 0.9960938
vt 0.02766418 0.9638672
vt 0.02784729 0.9321289
vt 0.02754211 0.9960938
vt 0.02749634 0.9960938
vt 0.02784729 0.9638672
vt 0.02793884 0.9321289
vt 0.02766418 0.9960938
vt 0.02748108 0.9960938
vt 0.02793884 0.9638672
vt 0.02793884 0.9321289
vt 0.02770996 0.9960938
vt 0.02748108 0.9960938
vt 0.02793884 0.9638672
vt 0.02813721 0.9321289
vt 0.02770996 0.9960938
vt 0.02746582 0.9960938
vt 0.02813721 0.9638672
vt 0.02815247 0.9321289
vt 0.02780151 0.9960938
vt 0.02746582 0.9960938
vt 0.02780151 0.9960938
vt 0.02815247 0.9638672
vt 0.02832031 0.9321289
vt 0.02832031 0.9638672
vt 0.02981567 0.9321289
vt 0.02787781 0.9960938
vt 0.02981567 0.9638672
vt 0.03121948 0.9321289
vt 0.03121948 0.9638672
vt 0.03503418 0.9321289
vt 0.02983093 0.9960938
vt 0.02986145 0.9960938
vt 0.02742004 0.9960938
vt 0.03121948 0.9960938
vt 0.03503418 0.9638672
vt 0.03881836 0.9321289
vt 0.03503418 0.9960938
vt 0.03881836 0.9638672
vt 0.04025269 0.9321289
vt 0.03881836 0.9960938
vt 0.04025269 0.9638672
vt 0.04171753 0.9321289
vt 0.04022217 0.9960938
vt 0.04171753 0.9638672
vt 0.04190063 0.9321289
vt 0.04190063 0.9638672
vt 0.04190063 0.9321289
vt 0.04217529 0.9960938
vt 0.04190063 0.9638672
vt 0.04211426 0.9321289
vt 0.04263306 0.9960938
vt 0.04019165 0.9960938
vt 0.04260254 0.9960938
vt 0.04223633 0.9960938
vt 0.04260254 0.9960938
vt 0.04223633 0.9960938
vt 0.04257202 0.9960938
vt 0.04211426 0.9638672
vt 0.04211426 0.9321289
vt 0.04232788 0.9960938
vt 0.04257202 0.9960938
vt 0.04211426 0.9638672
vt 0.04220581 0.9321289
vt 0.04232788 0.9960938
vt 0.0425415 0.9960938
vt 0.04220581 0.9638672
vt 0.04238892 0.9321289
vt 0.04238892 0.9960938
vt 0.04263306 0.9960938
vt 0.04238892 0.9638672
vt 0.04345703 0.9321289
vt 0.04251099 0.9960938
vt 0.04370117 0.9960938
vt 0.04345703 0.9638672
vt 0.04431152 0.9321289
vt 0.0435791 0.9960938
vt 0.04452515 0.9960938
vt 0.04431152 0.9638672
vt 0.04498291 0.9321289
vt 0.04443359 0.9960938
vt 0.04519653 0.9960938
vt 0.04498291 0.9638672
vt 0.04553223 0.9321289
vt 0.04510498 0.9960938
vt 0.04574585 0.9960938
vt 0.04553223 0.9638672
vt 0.0456543 0.9321289
vt 0.0456543 0.9960938
vt 0.04577637 0.9960938
vt 0.0456543 0.9638672
vt 0.04690552 0.9321289
vt 0.04571533 0.9960938
vt 0.04699707 0.9960938
vt 0.04690552 0.9638672
vt 0.04705811 0.9321289
vt 0.04696655 0.9960938
vt 0.04714966 0.9960938
vt 0.04705811 0.9638672
vt 0.04754639 0.9321289
vt 0.04708862 0.9960938
vt 0.04754639 0.9960938
vt 0.04754639 0.9638672
vt 0.04824829 0.9321289
vt 0.04754639 0.9960938
vt 0.04821777 0.9960938
vt 0.04824829 0.9638672
vt 0.04922485 0.9321289
vt 0.04821777 0.9960938
vt 0.04919434 0.9960938
vt 0.04922485 0.9638672
vt 0.05023193 0.9321289
vt 0.04922485 0.9960938
vt 0.05023193 0.9960938
vt 0.05023193 0.9638672
vt 0.0512085 0.9321289
vt 0.05023193 0.9960938
vt 0.05123901 0.9960938
vt 0.0512085 0.9638672
vt 0.05218506 0.9321289
vt 0.05123901 0.9960938
vt 0.05224609 0.9960938
vt 0.05218506 0.9638672
vt 0.05291748 0.9321289
vt 0.05221558 0.9960938
vt 0.05288696 0.9960938
vt 0.05291748 0.9638672
vt 0.05337524 0.9321289
vt 0.05288696 0.9960938
vt 0.05328369 0.9960938
vt 0.05337524 0.9638672
vt 0.05352783 0.9321289
vt 0.05334473 0.9960938
vt 0.05343628 0.9960938
vt 0.05352783 0.9638672
vt 0.05480957 0.9321289
vt 0.05349731 0.9960938
vt 0.05465698 0.9960938
vt 0.05480957 0.9638672
vt 0.05490112 0.9321289
vt 0.05471802 0.9960938
vt 0.05471802 0.9960938
vt 0.05490112 0.9638672
vt 0.05545044 0.9321289
vt 0.05480957 0.9960938
vt 0.05523682 0.9960938
vt 0.05545044 0.9638672
vt 0.05612183 0.9321289
vt 0.05535889 0.9960938
vt 0.0559082 0.9960938
vt 0.05612183 0.9638672
vt 0.05697632 0.9321289
vt 0.05603027 0.9960938
vt 0.0567627 0.9960938
vt 0.05697632 0.9638672
vt 0.05804443 0.9321289
vt 0.05685425 0.9960938
vt 0.05783081 0.9960938
vt 0.05804443 0.9638672
vt 0.05822754 0.9321289
vt 0.05792236 0.9960938
vt 0.05789185 0.9960938
vt 0.05822754 0.9638672
vt 0.05831909 0.9321289
vt 0.05807495 0.9960938
vt 0.05789185 0.9960938
vt 0.05831909 0.9638672
vt 0.05834961 0.9321289
vt 0.05810547 0.9960938
vt 0.05789185 0.9960938
vt 0.05834961 0.9638672
vt 0.05853271 0.9321289
vt 0.05810547 0.9960938
vt 0.05786133 0.9960938
vt 0.05853271 0.9638672
vt 0.05853271 0.9321289
vt 0.05819702 0.9960938
vt 0.05786133 0.9960938
vt 0.05853271 0.9638672
vt 0.05871582 0.9321289
vt 0.05819702 0.9960938
vt 0.05783081 0.9960938
vt 0.05871582 0.9638672
vt 0.06021118 0.9321289
vt 0.05825806 0.9960938
vt 0.0602417 0.9960938
vt 0.06021118 0.9638672
vt 0.06161499 0.9321289
vt 0.06021118 0.9960938
vt 0.06161499 0.9960938
vt 0.06161499 0.9638672
vt 0.06542969 0.9321289
vt 0.06542969 0.9638672
vt 0.06161499 0.9960938
vt 0.06542969 0.9960938
vt 0.06542969 0.9960938
vt 0.04019165 0.9960938
vt 0.04022217 0.9960938
vt 0.03881836 0.9960938
vt 0.03881836 0.9960938
vt 0.03503418 0.9960938
vt 0.03503418 0.9960938
vt 0.03121948 0.9960938
vt 0.03121948 0.9960938
vt 0.02983093 0.9960938
vt 0.02986145 0.9960938
vt 0.008430481 0.9960938
vt 0.008430481 0.9960938
vt 0.004634857 0.9960938
vt 0.004634857 0.9960938
vt 0.02742004 0.9960938
vt 0.02787781 0.9960938
vt 0.02780151 0.9960938
vt 0.02746582 0.9960938
vt 0.01754761 0.9960938
vt 0.01739502 0.9960938
vt 0.01753235 0.9746094
vt 0.01766968 0.9746094
vt 0.01753235 0.9321289
vt 0.01766968 0.9321289
vt 0.01791382 0.9960938
vt 0.01730347 0.9960938
vt 0.01802063 0.9746094
vt 0.01802063 0.9321289
vt 0.01771545 0.9960938
vt 0.01808167 0.9960938
vt 0.01792908 0.9960938
vt 0.01815796 0.9746094
vt 0.01815796 0.9321289
vt 0.01837158 0.9960938
vt 0.01838684 0.9960938
vt 0.01835632 0.9746094
vt 0.01835632 0.9321289
vt 0.01983643 0.9960938
vt 0.01983643 0.9960938
vt 0.01983643 0.9746094
vt 0.01983643 0.9321289
vt 0.02128601 0.9960938
vt 0.02127075 0.9960938
vt 0.02130127 0.9746094
vt 0.02130127 0.9321289
vt 0.02157593 0.9960938
vt 0.02172852 0.9960938
vt 0.02149963 0.9746094
vt 0.02149963 0.9321289
vt 0.02174377 0.9960938
vt 0.02194214 0.9960938
vt 0.02163696 0.9746094
vt 0.02163696 0.9321289
vt 0.02210999 0.9960938
vt 0.02235413 0.9960938
vt 0.02198792 0.9746094
vt 0.02226257 0.9960938
vt 0.02198792 0.9321289
vt 0.02212524 0.9746094
vt 0.02212524 0.9321289
vt 0.02210999 0.9960938
vt 0.02226257 0.9960938
vt 0.02255249 0.9960938
vt 0.02180481 0.9960938
vt 0.02204895 0.9960938
vt 0.02212524 0.9746094
vt 0.02131653 0.9960938
vt 0.02157593 0.9960938
vt 0.02168274 0.9746094
vt 0.02212524 0.9321289
vt 0.02168274 0.9321289
vt 0.02119446 0.9746094
vt 0.02119446 0.9321289
vt 0.02127075 0.9960938
vt 0.02145386 0.9960938
vt 0.0211792 0.9746094
vt 0.0211792 0.9321289
vt 0.01983643 0.9960938
vt 0.01983643 0.9960938
vt 0.01983643 0.9746094
vt 0.01983643 0.9321289
vt 0.01838684 0.9960938
vt 0.01820374 0.9960938
vt 0.01847839 0.9746094
vt 0.01847839 0.9321289
vt 0.01834106 0.9960938
vt 0.01808167 0.9960938
vt 0.01846313 0.9746094
vt 0.01846313 0.9321289
vt 0.01785278 0.9960938
vt 0.01760864 0.9960938
vt 0.01797485 0.9746094
vt 0.01797485 0.9321289
vt 0.01739502 0.9960938
vt 0.0171051 0.9960938
vt 0.01754761 0.9960938
vt 0.01753235 0.9746094
vt 0.01753235 0.9321289
vt 0.05218506 0.9960938
vt 0.05264282 0.9960938
vt 0.05252075 0.9746094
vt 0.05209351 0.9746094
vt 0.05252075 0.9321289
vt 0.05209351 0.9321289
vt 0.05169678 0.9960938
vt 0.05157471 0.9746094
vt 0.05157471 0.9321289
vt 0.05166626 0.9960938
vt 0.05197144 0.9960938
vt 0.05184937 0.9960938
vt 0.05157471 0.9746094
vt 0.05157471 0.9321289
vt 0.05023193 0.9960938
vt 0.05023193 0.9746094
vt 0.05023193 0.9321289
vt 0.04885864 0.9746094
vt 0.04885864 0.9321289
vt 0.04876709 0.9960938
vt 0.04885864 0.9746094
vt 0.04885864 0.9321289
vt 0.05023193 0.9960938
vt 0.04858398 0.9960938
vt 0.04873657 0.9960938
vt 0.04849243 0.9960938
vt 0.04824829 0.9960938
vt 0.04800415 0.9960938
vt 0.04837036 0.9746094
vt 0.04837036 0.9321289
vt 0.04779053 0.9960938
vt 0.04748535 0.9960938
vt 0.0479126 0.9746094
vt 0.0479126 0.9321289
vt 0.04779053 0.9960938
vt 0.04794312 0.9960938
vt 0.04769897 0.9960938
vt 0.04779053 0.9960938
vt 0.0479126 0.9746094
vt 0.04806519 0.9746094
vt 0.0479126 0.9321289
vt 0.04806519 0.9321289
vt 0.04830933 0.9960938
vt 0.04840088 0.9746094
vt 0.04840088 0.9321289
vt 0.04846191 0.9960938
vt 0.0480957 0.9960938
vt 0.04830933 0.9960938
vt 0.04855347 0.9746094
vt 0.04855347 0.9321289
vt 0.04876709 0.9960938
vt 0.04879761 0.9960938
vt 0.04873657 0.9746094
vt 0.04873657 0.9321289
vt 0.05023193 0.9960938
vt 0.05023193 0.9960938
vt 0.05023193 0.9746094
vt 0.05023193 0.9321289
vt 0.05169678 0.9960938
vt 0.05166626 0.9960938
vt 0.05169678 0.9746094
vt 0.05169678 0.9321289
vt 0.05197144 0.9960938
vt 0.05212402 0.9960938
vt 0.05187988 0.9746094
vt 0.05187988 0.9321289
vt 0.05212402 0.9960938
vt 0.05233765 0.9960938
vt 0.05203247 0.9746094
vt 0.05203247 0.9321289
vt 0.05249023 0.9960938
vt 0.05236816 0.9746094
vt 0.05264282 0.9960938
vt 0.05236816 0.9321289
vt 0.05252075 0.9746094
vt 0.05252075 0.9321289
vt 0.05245972 0.9960938
vt 0.05169678 0.9960938
vt 0.05197144 0.9960938
vt 0.05218506 0.9960938
vt 0.052948 0.9960938
vt 0.05264282 0.9960938
vt 0.05233765 0.9960938
vt 0.05212402 0.9960938
vt 0.05249023 0.9960938
vt 0.05273438 0.9960938
vt 0.05264282 0.9960938
vt 0.052948 0.9960938
vt 0.04769897 0.9960938
vt 0.04794312 0.9960938
vt 0.04830933 0.9960938
vt 0.0480957 0.9960938
vt 0.05184937 0.9960938
vt 0.05166626 0.9960938
vt 0.05023193 0.9960938
vn 0 1 0
vn 0 1 0
vn 0 1 0
vn 0 1 0
vn 0 1 0
vn 0 1 0
vn 0 1 0
vn 0 1 0
vn 0 1 0
vn 0 1 0
vn 0 1 0
vn 0 1 0
vn 0 1 0
vn 0 1 0
vn 0 1 0
vn 0 1 0
vn 0 1 0
vn 0 1 0
vn 0 1 0
vn 0 1 0
vn 0 1 0
vn 0 1 0
vn 0 1 0
vn 0 1 0
vn 0 1 0
vn 0 1 0
vn 0 1 0
vn 0 1 0
vn 0 1 0
vn 0 1 0
vn 0 1 0
vn 0 1 0
vn 0 1 0
vn 0 1 0
vn 0 1 0
vn 0 1 0
vn 0 1 0
vn 0 1 0
vn 0 1 0
vn 0 1 0
vn 0 1 0
vn 0 1 0
vn 0 1 0
vn 0 1 0
vn 0 1 0
vn 0 1 0
vn 0 1 0
vn 0 1 0
vn 0 1 0
vn 0 1 0
vn 0 1 0
vn 0 1 0
vn 0 1 0
vn 0 1 0
vn 0 1 0
vn 0 1 0
vn 0 1 0
vn 0 1 0
vn 0 1 0
vn 0 1 0
vn 0 1 0
vn 0 1 0
vn 0 1 0
vn 0 1 0
vn 0 1 0
vn 0 1 0
vn 0 1 0
vn 0 1 0
vn 0 1 0
vn 0 1 0
vn 0 1 0
vn 0 1 0
vn 0 1 0
vn 0 1 0
vn 0 1 0
vn 0 1 0
vn 0 1 0
vn 0 1 0
vn 0 1 0
vn 0 1 0
vn 0 1 0
vn 0 1 0
vn 0 1 0
vn 0 1 0
vn 0 1 0
vn 0 1 0
vn 0 1 0
vn 0 1 0
vn 0 1 0
vn 0 1 0
vn 0 1 0
vn 0 1 0
vn 0 1 0
vn 0 1 0
vn 0 1 0
vn 0 1 0
vn 0 1 0
vn 0 1 0
vn 0 1 0
vn 0 1 0
vn 0 1 0
vn 0 1 0
vn 0 1 0
vn 0 1 0
vn 0 1 0
vn 0 1 0
vn 0 1 0
vn 0 1 0
vn 0 1 0
vn 0 1 0
vn 0 1 0
vn 0 1 0
vn 0 1 0
vn 0 1 0
vn 0 1 0
vn 0 1 0
vn 0 1 0
vn 0 1 0
vn 0 1 0
vn 0 1 0
vn 0 1 0
vn 0 1 0
vn 0 1 0
vn 0 1 0
vn 0 1 0
vn 0 1 0
vn 0 1 0
vn 0 1 0
vn 0 1 0
vn 0 1 0
vn 0 1 0
vn 0 1 0
vn 0 1 0
vn 0 1 0
vn 0 1 0
vn 0 1 0
vn 0 1 0
vn 0 1 0
vn 0 1 0
vn 0 1 0
vn 0 1 0
vn 0 1 0
vn 0 1 0
vn 0 1 0
vn 0 1 0
vn 0 1 0
vn 0 1 0
vn 0 1 0
vn 0 1 0
vn 0 1 0
vn 0 1 0
vn 0 1 0
vn 0 1 0
vn 0 1 0
vn 0 1 0
vn 0 1 0
vn 0 1 0
vn 0 1 0
vn 0 1 0
vn 0 1 0
vn 0 1 0
vn 0 1 0
vn 0 1 0
vn 0 1 0
vn 0 1 0
vn 0 1 0
vn 0 1 0
vn 0 1 0
vn 0 1 0
vn 0 1 0
vn 0 1 0
vn 0 1 0
vn 0 1 0
vn 0 1 0
vn 0 1 0
vn 0 1 0
vn 0 1 0
vn 0 1 0
vn 0 1 0
vn 0 1 0
vn 0 1 0
vn 0 1 0
vn 0 1 0
vn 0 1 0
vn 0 1 0
vn 0 1 0
vn 0 1 0
vn 0 1 0
vn 0 1 0
vn 0 1 0
vn 0 1 0
vn 0 1 0
vn 0 1 0
vn 0 1 0
vn 0 1 0
vn 0 1 0
vn 0 1 0
vn 0 1 0
vn 0 1 0
vn 0 1 0
vn 0 1 0
vn 0 1 0
vn 0 1 0
vn 0 1 0
vn 0 1 0
vn 0 1 0
vn 0 1 0
vn 0 1 0
vn 0 1 0
vn 0 1 0
vn 0 1 0
vn 0 1 0
vn 0 1 0
vn 0 1 0
vn 0 1 0
vn 0 1 0
vn 0 1 0
vn 0 1 0
vn 0 1 0
vn 0 1 0
vn 0 1 0
vn 0 1 0
vn 0 1 0
vn 0 1 0
vn 0 1 0
vn 0 1 0
vn 0 1 0
vn 0 1 0
vn 0 1 0
vn 0 1 0
vn 0 1 0
vn 0 1 0
vn 0 1 0
vn 0 1 0
vn 0 1 0
vn 0 1 0
vn 0 1 0
vn 0 1 0
vn 0 1 0
vn 0 1 0
vn 0 1 0
vn 0 1 0
vn 0 1 0
vn 0 1 0
vn 0 1 0
vn 0 1 0
vn 0 1 0
vn 0 1 0
vn 0 1 0
vn 0 1 0
vn 0 1 0
vn 0 1 0
vn 0 1 0
vn 0 1 0
vn 0 1 0
vn 0 1 0
vn 0 1 0
vn 0 1 0
vn 0 1 0
vn 0 1 0
vn 0 1 0
vn 0 1 0
vn 0 1 0
vn 0 1 0
vn 0 1 0
vn 0 1 0
vn 0 1 0
vn 0 1 0
vn 0 1 0
vn 0 1 0
vn 0 1 0
vn 0 1 0
vn 0 1 0
vn 0 1 0
vn 0 1 0
vn 0 1 0
vn 0 1 0
vn 0 1 0
vn 0 1 0
vn 0 1 0
vn 0 1 0
vn 0 1 0
vn 0 1 0
vn 0 1 0
vn 0 1 0
vn 0 1 0
vn 0 1 0
vn 0 1 0
vn 0 1 0
vn 0 1 0
vn 0 1 0
vn 0 1 0
vn 0 1 0
vn 0 1 0
vn 0 1 0
vn 0 1 0
vn 0 1 0
vn 0 1 0
vn 0 1 0
vn 0 1 0
vn 0 1 0
vn 0 1 0
vn 0 1 0
vn 0 1 0
vn 0 1 0
vn 0 1 0
vn 0 1 0
vn 0 1 0
vn 0 1 0
vn 0 1 0
vn 0 1 0
vn 0 1 0
vn 0 1 0
vn 0 1 0
vn 0 1 0
vn 0 1 0
vn 0 1 0
vn 0 1 0
vn 0 1 0
vn 0 1 0
vn 0 1 0
vn 0 1 0
vn 0 1 0
vn 0 1 0
vn 0 1 0
vn 0 1 0
vn 0 1 0
vn 0 1 0
vn 0 1 0
vn 0 1 0
vn 0 1 0
vn 0 1 0
vn 0 1 0
vn 0 1 0
vn 0 1 0
vn 0 1 0
vn 0 1 0
vn 0 1 0
vn 0 1 0
vn 0 1 0
vn 0 1 0
vn 0 1 0
vn 0 1 0
vn 0 1 0
vn 0 1 0
vn 0 1 0
vn 0 1 0
vn 0 1 0
vn 0 1 0
vn 0 1 0
vn 0 1 0
vn 0 1 0
vn 0 1 0
vn 0 1 0
vn 0 1 0
vn 0 1 0
vn 0 1 0
vn 0 1 0
vn 0 1 0
vn 0 1 0
vn 0 1 0
vn 0 1 0
vn 0 1 0
vn 0 1 0
vn 0 1 0
vn 0 1 0
vn 0 1 0
vn 0 1 0
vn 0 1 0
vn 0 1 0
vn 0 1 0
vn 0 1 0
vn 0 1 0
vn 0 1 0
vn 0 1 0
vn 0 1 0
vn 0 1 0
vn 0 1 0
vn 0 1 0
vn 0 1 0
vn 0 1 0
vn 0 1 0
vn 0 1 0
vn 0 1 0
vn 0 1 0
vn 0 1 0
vn 0 1 0
vn 0 1 0
vn 0 1 0
vn 0 1 0
vn 0 1 0
vn 0 1 0
vn 0 1 0
vn 0 1 0
vn 0 1 0
vn 0 1 0
vn 0 1 0
vn 0 1 0
vn 0 1 0
vn 0 1 0
vn 0 1 0
vn 0 1 0
vn 0 1 0
vn 0 1 0
vn 0 1 0
vn 0 1 0
vn 0 1 0
vn 0 1 0
vn 0 1 0
vn 0 1 0
vn 0 1 0
vn 0 1 0
vn 0 1 0
vn 0 1 0
vn 0 1 0
vn 0 1 0
vn 0 1 0
vn 0 1 0
vn 0 1 0
vn 0 1 0
vn 0 1 0
vn 0 1 0
vn 0 1 0
vn 0 1 0
vn 0 1 0
vn 0 1 0
vn 0 1 0
vn 0 1 0
vn 0 1 0
vn 0 1 0
vn 0 1 0
vn 0 1 0
vn 0 1 0
vn 0 1 0
vn 0 1 0
vn 0 1 0
vn 0 1 0
vn 0 1 0
vn 0 1 0
vn 0 1 0
vn 0 1 0
vn 0 1 0
vn 0 1 0
vn 0 1 0
vn 0 1 0
vn 0 1 0
vn 0 1 0
vn 0 1 0
vn 0 1 0
vn 0 1 0
vn 0 1 0
vn 0 1 0
vn 0 1 0
vn 0 1 0
vn 0 1 0
vn 0 1 0
vn 0 1 0
vn 0 1 0
vn 0 1 0
vn 0 1 0
vn 0 1 0
vn 0 1 0
vn 0 1 0
vn 0 1 0
vn 0 1 0
vn 0 1 0
vn 0 1 0
vn 0 1 0
vn 0 1 0
vn 0 1 0
vn 0 1 0
vn 0 1 0
vn 0 1 0
vn 0 1 0
vn 0 1 0
vn 0 1 0
vn 0 1 0
vn 0 1 0
vn 0 1 0
vn 0 1 0
vn 0 1 0
vn 0 1 0
vn 0 1 0
vn 0 1 0
vn 0 1 0
vn 0 1 0
vn 0 1 0
vn 0 1 0
vn 0 1 0
vn 0 1 0
vn 0 1 0
vn 0 1 0
vn 0 1 0
vn 0 1 0
vn 0 1 0
vn 0 1 0
vn 0 1 0
vn 0 1 0
vn 0 1 0
vn 0 1 0
vn 0 1 0
vn 0 1 0
vn 0 1 0
vn 0 1 0
vn 0 1 0
vn 0 1 0
vn 0 1 0
vn 0 1 0
vn 0 1 0
vn 0 1 0
vn 0 1 0
vn 0 1 0
vn 0 1 0
vn 0 1 0
vn 0 1 0
vn 0 1 0
vn 0 1 0
vn 0 1 0
vn 0 1 0
vn 0 1 0
vn 0 1 0
vn 0 1 0
vn 0 1 0
vn 0 1 0
vn 0 1 0
vn 0 1 0
vn 0 1 0
vn 0 1 0
vn 0 1 0
vn 0 1 0
vn 0 1 0
vn 0 1 0
vn 0 1 0
vn 0 1 0
vn 0 1 0
vn 0 1 0
vn 0 1 0
vn 0 1 0
vn 0 1 0
vn 0 1 0
vn 0 1 0
vn 0 1 0
vn 0 1 0
vn 0 1 0
vn 0 1 0
vn 0 1 0
vn 0 1 0
vn 0 1 0
vn 0 1 0
vn 0 1 0
vn 0 1 0
vn 0 1 0
vn 0 1 0
vn 0 1 0
vn 0 1 0
vn 0 1 0
vn 0 1 0
vn 0 1 0
vn 0 1 0
vn 0 1 0
vn 0 1 0
vn 0 1 0
vn 0 1 0
vn 0 1 0
vn 0 1 0
vn 0 1 0
vn 0 1 0
vn 0 1 0
vn 0 1 0
vn 0 1 0
vn 0 1 0
vn 0 1 0
vn 0 1 0
vn 0 1 0
vn 0 1 0
vn 0 1 0
vn 0 1 0
vn 0 1 0
vn 0 1 0
vn 0 1 0
vn 0 1 0
vn 0 1 0
vn 0 1 0
vn 0 1 0
vn 0 1 0
vn 0 1 0
vn 0 1 0
vn 0 1 0
vn 0 1 0
vn 0 1 0
vn 0 1 0
vn 0 1 0
vn 0 1 0
vn 0 1 0
vn 0 1 0
vn 0 1 0
vn 0 1 0
vn 0 1 0
vn 0 1 0
vn 0 1 0
vn 0 1 0
vn 0 1 0
vn 0 1 0
vn 0 1 0
vn 0 1 0
vn 0 1 0
vn 0 1 0
vn 0 1 0
vn 0 1 0
vn 0 1 0
vn 0 1 0
vn 0 1 0
vn 0 0.4328613 -0.9013672
vn -0.2978516 0 -0.9545898
vn -4.172325E-07 0 -1
vn -0.2685547 0.4309082 -0.8613281
vn 0 0.8740234 -0.4855957
vn -0.5556641 -4.768372E-07 -0.831543
vn -0.1450195 0.8730469 -0.4658203
vn -0.4946289 0.4555664 -0.7402344
vn 0.3598633 -9.536743E-07 -0.9331055
vn 0.2800293 0.5976563 -0.7514648
vn 0.715332 -8.940697E-07 -0.6987305
vn -0.239624 0.9023438 -0.3586426
vn 0.6362305 0.4577637 -0.6210938
vn 0.715332 0 -0.6987305
vn 0 1 0
vn 0 1 0
vn 0 1 0
vn 0.07513428 0.9755859 -0.206665
vn 0 1 0
vn 0.3056641 0.9042969 -0.298584
vn 0 1 0
vn 0.6401367 0.4472656 -0.625
vn 0.715332 0 -0.6987305
vn 0.3198242 0.8945313 -0.3125
vn 0 1 0
vn 0.6401367 0.4472656 -0.625
vn 0.715332 1.66893E-06 -0.6987305
vn 0.3198242 0.8945313 -0.3125
vn 0 1 0
vn 0.640625 0.4445801 -0.6259766
vn 0.6665039 1.549721E-06 -0.7456055
vn 0.3237305 0.8916016 -0.3161621
vn 0 1 0
vn 0.6098633 0.4130859 -0.6767578
vn 0 0 -1
vn 0.3515625 0.8525391 -0.3864746
vn 0 1 0
vn 0 0.4438477 -0.8959961
vn 0 0 -1
vn 0 0.8911133 -0.4538574
vn 0 1 0
vn 0 0.4472656 -0.8945313
vn 0 0 -1
vn 0 0.8945313 -0.4472656
vn 0 1 0
vn 0 0.4472656 -0.8945313
vn 0 0 -1
vn 0 0.8945313 -0.4472656
vn 0 1 0
vn 0 0.4472656 -0.8945313
vn 0 0 -1
vn 0 0.8945313 -0.4472656
vn 0 1 0
vn 0 0.4440918 -0.8959961
vn -0.637207 6.437302E-06 -0.7705078
vn 0 0.8911133 -0.4536133
vn 0 1 0
vn -0.5820313 0.4165039 -0.6987305
vn -0.7070313 6.377697E-06 -0.7070313
vn -0.333252 0.8554688 -0.3967285
vn 0 1 0
vn -0.6333008 0.4445801 -0.6333008
vn -0.7070313 -3.33786E-06 -0.7070313
vn -0.3198242 0.8920898 -0.3198242
vn 0 1 0
vn -0.6342773 0.4418945 -0.6342773
vn -0.9458008 -1.966953E-06 -0.324707
vn -0.3239746 0.8891602 -0.3239746
vn 0 1 0
vn -0.8535156 0.4309082 -0.2922363
vn -1 0 0
vn -0.4755859 0.8647461 -0.1621094
vn 0 1 0
vn -0.8955078 0.4450684 0
vn -1 0 0
vn -0.451416 0.8920898 0
vn 0 1 0
vn -0.8945313 0.4472656 0
vn -1 0 0
vn -0.4472656 0.8945313 0
vn 0 1 0
vn -0.8945313 0.4472656 0
vn -1 0 0
vn -0.4472656 0.8945313 0
vn 0 1 0
vn -0.8945313 0.4472656 0
vn -1 0 0
vn -0.4472656 0.8945313 0
vn 0 1 0
vn -0.8955078 0.4450684 0
vn -0.9458008 1.966953E-06 0.324707
vn -0.451416 0.8920898 0
vn 0 1 0
vn -0.8535156 0.4309082 0.2922363
vn -0.7070313 3.33786E-06 0.7070313
vn -0.4755859 0.8647461 0.1621094
vn 0 1 0
vn -0.6342773 0.4418945 0.6342773
vn -0.7070313 -6.377697E-06 0.7070313
vn -0.3239746 0.8891602 0.3239746
vn 0 1 0
vn -0.6333008 0.4445801 0.6333008
vn -0.637207 -6.437302E-06 0.7705078
vn -0.3198242 0.8920898 0.3198242
vn 0 1 0
vn -0.5820313 0.4165039 0.6987305
vn 0 0 1
vn -0.333252 0.8554688 0.3967285
vn 0 1 0
vn -1.192093E-07 0.4440918 0.8959961
vn 0 0 1
vn -1.192093E-07 0.8911133 0.4536133
vn 0 1 0
vn 0 0.4472656 0.8945313
vn 0 0 1
vn 0 0.8945313 0.4472656
vn 0 1 0
vn 0 0.4472656 0.8945313
vn 0 0 1
vn 0 0.8945313 0.4472656
vn 0 1 0
vn 0 0.4472656 0.8945313
vn 0 0 1
vn 0 0.8945313 0.4472656
vn 0 1 0
vn 0 0.4438477 0.8959961
vn 0.6665039 1.549721E-06 0.7456055
vn 0 0.8911133 0.4538574
vn 0 1 0
vn 0.6098633 0.4130859 0.6767578
vn 0.715332 1.609325E-06 0.6987305
vn 0.3515625 0.8525391 0.3864746
vn 0 1 0
vn 0.640625 0.4445801 0.6259766
vn 0.715332 1.66893E-06 0.6987305
vn 0.3237305 0.8916016 0.3161621
vn 0 1 0
vn 0.6401367 0.4472656 0.625
vn 0.715332 1.66893E-06 0.6987305
vn 0.3198242 0.8945313 0.3125
vn 0 1 0
vn 0.6401367 0.4472656 0.625
vn 0.715332 -8.940697E-07 0.6987305
vn 0.3198242 0.8945313 0.3125
vn 0 1 0
vn 0.3056641 0.9042969 0.298584
vn 0.6362305 0.4577637 0.6210938
vn 0.3598633 -7.748604E-07 0.9331055
vn 0.2800293 0.5976563 0.7514648
vn -0.5556641 0 0.831543
vn 0.07513428 0.9755859 0.206665
vn -0.4946289 0.4555664 0.7402344
vn -0.2978516 -1.788139E-07 0.9545898
vn -0.2685547 0.4309082 0.8613281
vn 3.576279E-07 0 1
vn -0.239624 0.9023438 0.3586426
vn 0 1 0
vn 0 1 0
vn -0.1450195 0.8730469 0.4658203
vn 0 0.4328613 0.9013672
vn 0.2978516 2.384186E-07 0.9545898
vn -1.192093E-07 0.8740234 0.4855957
vn 0.2685547 0.4309082 0.8613281
vn 0.5556641 0 0.831543
vn 0.1450195 0.8730469 0.4658203
vn 0.4946289 0.4555664 0.7402344
vn -0.3598633 0 0.9331055
vn 0.239624 0.9023438 0.3586426
vn -0.2800293 0.5976563 0.7514648
vn -0.715332 0 0.6987305
vn -0.6362305 0.4577637 0.6210938
vn -0.715332 -1.66893E-06 0.6987305
vn -0.07513428 0.9755859 0.206665
vn -0.6401367 0.4472656 0.625
vn -0.715332 -1.66893E-06 0.6987305
vn 0 1 0
vn 0 1 0
vn 0 1 0
vn -0.3056641 0.9042969 0.298584
vn 0 1 0
vn -0.3198242 0.8945313 0.3125
vn 0 1 0
vn -0.6401367 0.4472656 0.625
vn -0.715332 -1.609325E-06 0.6987305
vn -0.3198242 0.8945313 0.3125
vn 0 1 0
vn -0.640625 0.4445801 0.6259766
vn -0.6665039 -1.549721E-06 0.7456055
vn -0.3237305 0.8916016 0.3161621
vn 0 1 0
vn -0.6098633 0.4130859 0.6767578
vn 0 0 1
vn -0.3515625 0.8525391 0.3864746
vn 0 1 0
vn 0 0.4438477 0.8959961
vn 0 0 1
vn 0 0.8911133 0.4538574
vn 0 1 0
vn 0 0.4472656 0.8945313
vn 0 0 1
vn 0 0.8945313 0.4472656
vn 0 1 0
vn 0 0.4472656 0.8945313
vn 0 0 1
vn 0 0.8945313 0.4472656
vn 0 1 0
vn 0 0.4472656 0.8945313
vn 0 0 1
vn 0 0.8945313 0.4472656
vn 0 1 0
vn 0 0.4440918 0.8959961
vn 0.637207 6.437302E-06 0.7705078
vn 0 0.8911133 0.4536133
vn 0 1 0
vn 0.5820313 0.4165039 0.6987305
vn 0.7070313 6.377697E-06 0.7070313
vn 0.333252 0.8554688 0.3967285
vn 0 1 0
vn 0.6333008 0.4445801 0.6333008
vn 0.7070313 -3.33786E-06 0.7070313
vn 0.3198242 0.8920898 0.3198242
vn 0 1 0
vn 0.6342773 0.4418945 0.6342773
vn 0.9458008 -1.966953E-06 0.324707
vn 0.3239746 0.8891602 0.3239746
vn 0 1 0
vn 0.8535156 0.4309082 0.2922363
vn 1 0 0
vn 0.4755859 0.8647461 0.1621094
vn 0 1 0
vn 0.8955078 0.4450684 0
vn 1 0 0
vn 0.451416 0.8920898 0
vn 0 1 0
vn 0.8945313 0.4472656 0
vn 1 0 0
vn 0.4472656 0.8945313 0
vn 0 1 0
vn 0.8945313 0.4472656 0
vn 1 0 0
vn 0.4472656 0.8945313 0
vn 0 1 0
vn 0.8945313 0.4472656 0
vn 1 0 0
vn 0.4472656 0.8945313 0
vn 0 1 0
vn 0.8955078 0.4450684 0
vn 0.9458008 1.966953E-06 -0.324707
vn 0.451416 0.8920898 0
vn 0 1 0
vn 0.8535156 0.4309082 -0.2922363
vn 0.7070313 3.33786E-06 -0.7070313
vn 0.4755859 0.8647461 -0.1621094
vn 0 1 0
vn 0.6342773 0.4418945 -0.6342773
vn 0.7070313 -6.377697E-06 -0.7070313
vn 0.3239746 0.8891602 -0.3239746
vn 0 1 0
vn 0.6333008 0.4445801 -0.6333008
vn 0.637207 -6.437302E-06 -0.7705078
vn 0.3198242 0.8920898 -0.3198242
vn 0 1 0
vn 0.5820313 0.4165039 -0.6987305
vn 0 0 -1
vn 0.333252 0.8554688 -0.3967285
vn 0 1 0
vn 1.192093E-07 0.4440918 -0.8959961
vn 0 0 -1
vn 1.192093E-07 0.8911133 -0.4536133
vn 0 1 0
vn 0 0.4472656 -0.8945313
vn 0 0 -1
vn 0 0.8945313 -0.4472656
vn 0 1 0
vn 0 0.4472656 -0.8945313
vn 0 0 -1
vn 0 0.8945313 -0.4472656
vn 0 1 0
vn 0 0.4472656 -0.8945313
vn 0 0 -1
vn 0 0.8945313 -0.4472656
vn 0 1 0
vn 0 0.4438477 -0.8959961
vn -0.6665039 -1.549721E-06 -0.7456055
vn 0 0.8911133 -0.4538574
vn 0 1 0
vn -0.6098633 0.4130859 -0.6767578
vn -0.715332 -1.66893E-06 -0.6987305
vn -0.3515625 0.8525391 -0.3864746
vn 0 1 0
vn -0.640625 0.4445801 -0.6259766
vn -0.715332 0 -0.6987305
vn -0.3237305 0.8916016 -0.3161621
vn 0 1 0
vn -0.6401367 0.4472656 -0.625
vn -0.715332 0 -0.6987305
vn -0.3198242 0.8945313 -0.3125
vn 0 1 0
vn -0.6401367 0.4472656 -0.625
vn -0.715332 0 -0.6987305
vn -0.3198242 0.8945313 -0.3125
vn 0 1 0
vn -0.6362305 0.4577637 -0.6210938
vn -0.3598633 1.788139E-07 -0.9331055
vn -0.3056641 0.9042969 -0.298584
vn 0 1 0
vn -0.2800293 0.5976563 -0.7514648
vn 0.5556641 6.556511E-07 -0.831543
vn -0.07513428 0.9755859 -0.206665
vn 0 1 0
vn 0.4946289 0.4555664 -0.7402344
vn 0.2978516 1.788139E-07 -0.9545898
vn 0.239624 0.9023438 -0.3586426
vn 0 1 0
vn 0.2685547 0.4309082 -0.8613281
vn -4.172325E-07 0 -1
vn 0 0.4328613 -0.9013672
vn 0.1450195 0.8730469 -0.4658203
vn 0 1 0
vn 0 0.8740234 -0.4855957
vn 0 1 0
vn 0.239624 0.9023438 0.3586426
vn 0.1450195 0.8730469 0.4658203
vn 0 1 0
vn -1.192093E-07 0.8740234 0.4855957
vn 0 1 0
vn -0.1450195 0.8730469 0.4658203
vn 0 1 0
vn -0.239624 0.9023438 0.3586426
vn 0 1 0
vn 0 1 0
vn -0.1450195 0.8730469 -0.4658203
vn 0 0.8740234 -0.4855957
vn 0 1 0
vn 0 1 0
vn 0.07513428 0.9755859 0.206665
vn 0.3056641 0.9042969 0.298584
vn 0 1 0
vn 0 0.9506836 0.3103027
vn -0.0869751 0.9785156 0.1862793
vn -0.3920898 0.3803711 0.8374023
vn 0 0.3181152 0.9482422
vn -0.4245605 0 0.9052734
vn 0 0 1
vn 0 0.9526367 0.3041992
vn 0 1 0
vn 0 0.3203125 0.9472656
vn 0 0 1
vn 0 1 0
vn 0.0324707 0.9941406 0.1026611
vn 0 1 0
vn 0.2449951 0.4743652 0.8457031
vn 0.2607422 0 0.965332
vn 0.3007813 0.9536133 0
vn 0 1 0
vn 0.9467773 0.3217773 0
vn 1 0 0
vn 0.3161621 0.9487305 0
vn 0 1 0
vn 0.9487305 0.3161621 0
vn 1 0 0
vn 0.3007813 0.9536133 0
vn 0 1 0
vn 0.9467773 0.3217773 0
vn 1 0 0
vn 0.0324707 0.9941406 -0.1026611
vn 0 1 0
vn 0.2449951 0.4743652 -0.8457031
vn 0.2607422 0 -0.965332
vn 0 0.9526367 -0.3041992
vn 0 1 0
vn 0 0.3203125 -0.9472656
vn 0 0 -1
vn 0 0.9506836 -0.3103027
vn 0 1 0
vn 0 0.3181152 -0.9482422
vn -0.0869751 0.9785156 -0.1862793
vn 0 0 -1
vn -0.3920898 0.3803711 -0.8374023
vn -0.4245605 0 -0.9052734
vn 0 0.9506836 -0.3103027
vn -0.0869751 0.9785156 -0.1862793
vn 0 1 0
vn -0.2167969 0.9516602 -0.2167969
vn 0 1 0
vn -0.3920898 0.3803711 -0.8374023
vn -0.2105713 0.9545898 -0.2105713
vn 0 1 0
vn -0.6699219 0.3195801 -0.6699219
vn -0.4245605 0 -0.9052734
vn -0.7070313 0 -0.7070313
vn -0.6694336 0.3227539 -0.6694336
vn -0.7070313 0 -0.7070313
vn -0.2167969 0.9760742 -0.004165649
vn 0 1 0
vn -0.9335938 0.3581543 -0.008743286
vn -1 0 -0.003314972
vn -0.3034668 0.9526367 0
vn 0 1 0
vn -0.9472656 0.3205566 0
vn -1 0 0
vn -0.2167969 0.9760742 0.004165649
vn 0 1 0
vn -0.9335938 0.3581543 0.008743286
vn -1 0 0.003314972
vn -0.2105713 0.9545898 0.2105713
vn 0 1 0
vn -0.6694336 0.3227539 0.6694336
vn -0.7070313 0 0.7070313
vn -0.2167969 0.9516602 0.2167969
vn 0 1 0
vn -0.6699219 0.3195801 0.6699219
vn -0.7070313 0 0.7070313
vn -0.0869751 0.9785156 0.1862793
vn 0 1 0
vn 0 0.9506836 0.3103027
vn -0.3920898 0.3803711 0.8374023
vn -0.4245605 0 0.9052734
vn 0.2156982 0.9521484 0.2156982
vn 0.08642578 0.9790039 0.1851807
vn 0.392334 0.3786621 0.8383789
vn 0.6704102 0.3181152 0.6704102
vn 0.4245605 0 0.9052734
vn 0.7070313 0 0.7070313
vn 0.2094727 0.9550781 0.2094727
vn 0.6694336 0.3212891 0.6694336
vn 0.7070313 0 0.7070313
vn 0.2155762 0.9765625 0.004123688
vn 0 1 0
vn 0 1 0
vn 0.934082 0.3564453 0.00868988
vn 1 0 0.003314972
vn 0.302002 0.953125 0
vn 0.9477539 0.3190918 0
vn 1 0 0
vn 0.934082 0.3564453 -0.00868988
vn 1 0 -0.003314972
vn 0.2155762 0.9765625 -0.004123688
vn 0.6694336 0.3212891 -0.6694336
vn 0.7070313 0 -0.7070313
vn 0 1 0
vn 0 1 0
vn 0.2094727 0.9550781 -0.2094727
vn 0 1 0
vn 0.2156982 0.9521484 -0.2156982
vn 0 1 0
vn 0.6704102 0.3181152 -0.6704102
vn 0.7070313 0 -0.7070313
vn 0.08642578 0.9790039 -0.1851807
vn 0 1 0
vn 0.392334 0.3786621 -0.8383789
vn 0.4245605 0 -0.9052734
vn 0.08642578 0.9790039 -0.1851807
vn 0 0.9511719 -0.3088379
vn 0 1 0
vn 0.08642578 0.9790039 -0.1851807
vn 0.392334 0.3786621 -0.8383789
vn 0 0.3166504 -0.9487305
vn 0.4245605 0 -0.9052734
vn 0 0 -1
vn 0 0.953125 -0.3027344
vn 0 0.3188477 -0.9477539
vn 0 0 -1
vn -0.03222656 0.9941406 -0.1019897
vn 0 1 0
vn 0 1 0
vn -0.2451172 0.4726563 -0.8466797
vn -0.2607422 0 -0.965332
vn -0.2990723 0.9541016 0
vn 0 1 0
vn -0.9472656 0.3200684 0
vn -1 0 0
vn -0.3146973 0.9492188 0
vn 0 1 0
vn -0.9492188 0.3146973 0
vn -1 0 0
vn -0.2990723 0.9541016 0
vn 0 1 0
vn -0.9472656 0.3200684 0
vn -1 0 0
vn -0.03222656 0.9941406 0.1019897
vn 0 1 0
vn -0.2451172 0.4726563 0.8466797
vn -0.2607422 0 0.965332
vn 0 0.953125 0.3027344
vn 0 1 0
vn 0 0.3188477 0.9477539
vn 0 0 1
vn 0 0.9511719 0.3088379
vn 0 0.3166504 0.9487305
vn 0.08642578 0.9790039 0.1851807
vn 0 0 1
vn 0.392334 0.3786621 0.8383789
vn 0.4245605 0 0.9052734
vn 0 1 0
vn 0.2094727 0.9550781 0.2094727
vn 0 1 0
vn 0.2156982 0.9521484 0.2156982
vn 0 1 0
vn 0.08642578 0.9790039 0.1851807
vn 0 1 0
vn 0 0.953125 0.3027344
vn 0 0.9511719 0.3088379
vn 0 1 0
vn 0.08642578 0.9790039 0.1851807
vn 0 1 0
vn 0 1 0
vn 0 0.9511719 -0.3088379
vn 0 0.953125 -0.3027344
vn 0 1 0
vn 0 1 0
vn 0.2155762 0.9765625 0.004123688
vn 0 1 0
g bonus_ground_8_top_0
f 3/3/3 2/2/2 1/1/1
f 6/6/6 5/5/5 4/4/4
f 9/9/9 8/8/8 7/7/7
f 12/12/12 11/11/11 10/10/10
f 15/15/15 14/14/14 13/13/13
f 18/18/18 17/17/17 16/16/16
f 21/21/21 20/20/20 19/19/19
f 24/24/24 23/23/23 22/22/22
f 27/27/27 26/26/26 25/25/25
f 30/30/30 29/29/29 28/28/28
f 33/33/33 32/32/32 31/31/31
f 36/36/36 35/35/35 34/34/34
f 39/39/39 38/38/38 37/37/37
f 42/42/42 41/41/41 40/40/40
f 45/45/45 44/44/44 43/43/43
f 48/48/48 47/47/47 46/46/46
f 51/51/51 50/50/50 49/49/49
f 52/52/52 51/51/51 49/49/49
f 55/55/55 54/54/54 53/53/53
f 56/56/56 55/55/55 53/53/53
f 59/59/59 58/58/58 57/57/57
f 60/60/60 59/59/59 57/57/57
f 60/60/60 61/61/61 59/59/59
f 61/61/61 62/62/62 59/59/59
f 65/65/65 64/64/64 63/63/63
f 64/64/64 66/66/66 63/63/63
f 64/64/64 67/67/67 66/66/66
f 70/70/70 69/69/69 68/68/68
f 69/69/69 71/71/71 68/68/68
f 69/69/69 72/72/72 71/71/71
f 75/75/75 74/74/74 73/73/73
f 76/76/76 75/75/75 73/73/73
f 79/79/79 78/78/78 77/77/77
f 80/80/80 79/79/79 77/77/77
f 83/83/83 82/82/82 81/81/81
f 84/84/84 83/83/83 81/81/81
f 87/87/87 86/86/86 85/85/85
f 88/88/88 87/87/87 85/85/85
f 91/91/91 90/90/90 89/89/89
f 92/92/92 91/91/91 89/89/89
f 95/95/95 94/94/94 93/93/93
f 95/95/95 96/96/96 94/94/94
f 96/96/96 97/97/97 94/94/94
f 100/100/100 99/99/99 98/98/98
f 101/101/101 100/100/100 98/98/98
f 104/104/104 103/103/103 102/102/102
f 105/105/105 104/104/104 102/102/102
f 108/108/108 107/107/107 106/106/106
f 109/109/109 108/108/108 106/106/106
f 112/112/112 111/111/111 110/110/110
f 113/113/113 112/112/112 110/110/110
f 116/116/116 115/115/115 114/114/114
f 117/117/117 116/116/116 114/114/114
f 120/120/120 119/119/119 118/118/118
f 121/121/121 120/120/120 118/118/118
f 124/124/124 123/123/123 122/122/122
f 125/125/125 124/124/124 122/122/122
f 128/128/128 127/127/127 126/126/126
f 129/129/129 128/128/128 126/126/126
f 132/132/132 131/131/131 130/130/130
f 133/133/133 132/132/132 130/130/130
f 133/133/133 130/130/130 134/134/134
f 137/137/137 136/136/136 135/135/135
f 138/138/138 137/137/137 135/135/135
f 141/141/141 140/140/140 139/139/139
f 142/142/142 141/141/141 139/139/139
f 145/145/145 144/144/144 143/143/143
f 146/146/146 145/145/145 143/143/143
f 149/149/149 148/148/148 147/147/147
f 150/150/150 149/149/149 147/147/147
f 153/153/153 152/152/152 151/151/151
f 154/154/154 153/153/153 151/151/151
f 157/157/157 156/156/156 155/155/155
f 158/158/158 157/157/157 155/155/155
f 161/161/161 160/160/160 159/159/159
f 162/162/162 161/161/161 159/159/159
f 165/165/165 164/164/164 163/163/163
f 166/166/166 165/165/165 163/163/163
f 169/169/169 168/168/168 167/167/167
f 170/170/170 169/169/169 167/167/167
f 173/173/173 172/172/172 171/171/171
f 174/174/174 173/173/173 171/171/171
f 177/177/177 176/176/176 175/175/175
f 178/178/178 177/177/177 175/175/175
f 178/178/178 175/175/175 179/179/179
f 180/180/180 178/178/178 179/179/179
f 183/183/183 182/182/182 181/181/181
f 184/184/184 183/183/183 181/181/181
f 184/184/184 181/181/181 185/185/185
f 186/186/186 184/184/184 185/185/185
f 189/189/189 188/188/188 187/187/187
f 190/190/190 189/189/189 187/187/187
f 193/193/193 192/192/192 191/191/191
f 194/194/194 193/193/193 191/191/191
f 197/197/197 196/196/196 195/195/195
f 198/198/198 197/197/197 195/195/195
f 201/201/201 200/200/200 199/199/199
f 202/202/202 201/201/201 199/199/199
f 205/205/205 204/204/204 203/203/203
f 206/206/206 205/205/205 203/203/203
f 209/209/209 208/208/208 207/207/207
f 210/210/210 209/209/209 207/207/207
f 213/213/213 212/212/212 211/211/211
f 214/214/214 213/213/213 211/211/211
f 215/215/215 214/214/214 211/211/211
f 218/218/218 217/217/217 216/216/216
f 218/218/218 216/216/216 219/219/219
f 220/220/220 218/218/218 219/219/219
f 223/223/223 222/222/222 221/221/221
f 224/224/224 223/223/223 221/221/221
f 227/227/227 226/226/226 225/225/225
f 228/228/228 227/227/227 225/225/225
f 231/231/231 230/230/230 229/229/229
f 232/232/232 231/231/231 229/229/229
f 235/235/235 234/234/234 233/233/233
f 236/236/236 235/235/235 233/233/233
f 239/239/239 238/238/238 237/237/237
f 240/240/240 239/239/239 237/237/237
f 243/243/243 242/242/242 241/241/241
f 244/244/244 243/243/243 241/241/241
f 247/247/247 246/246/246 245/245/245
f 248/248/248 247/247/247 245/245/245
f 251/251/251 250/250/250 249/249/249
f 252/252/252 251/251/251 249/249/249
f 255/255/255 254/254/254 253/253/253
f 256/256/256 255/255/255 253/253/253
f 259/259/259 258/258/258 257/257/257
f 260/260/260 259/259/259 257/257/257
f 261/261/261 260/260/260 257/257/257
f 262/262/262 261/261/261 257/257/257
f 265/265/265 264/264/264 263/263/263
f 266/266/266 265/265/265 263/263/263
f 269/269/269 268/268/268 267/267/267
f 270/270/270 269/269/269 267/267/267
f 273/273/273 272/272/272 271/271/271
f 274/274/274 273/273/273 271/271/271
f 277/277/277 276/276/276 275/275/275
f 278/278/278 277/277/277 275/275/275
f 281/281/281 280/280/280 279/279/279
f 282/282/282 281/281/281 279/279/279
f 283/283/283 282/282/282 279/279/279
f 286/286/286 285/285/285 284/284/284
f 287/287/287 286/286/286 284/284/284
f 290/290/290 289/289/289 288/288/288
f 289/289/289 291/291/291 288/288/288
f 291/291/291 292/292/292 288/288/288
f 295/295/295 294/294/294 293/293/293
f 296/296/296 295/295/295 293/293/293
f 299/299/299 298/298/298 297/297/297
f 300/300/300 299/299/299 297/297/297
f 303/303/303 302/302/302 301/301/301
f 302/302/302 304/304/304 301/301/301
f 302/302/302 305/305/305 304/304/304
f 305/305/305 306/306/306 304/304/304
f 309/309/309 308/308/308 307/307/307
f 310/310/310 309/309/309 307/307/307
f 311/311/311 310/310/310 307/307/307
f 312/312/312 311/311/311 307/307/307
f 315/315/315 314/314/314 313/313/313
f 316/316/316 315/315/315 313/313/313
f 316/316/316 317/317/317 315/315/315
f 317/317/317 318/318/318 315/315/315
f 321/321/321 320/320/320 319/319/319
f 321/321/321 319/319/319 322/322/322
f 323/323/323 321/321/321 322/322/322
f 326/326/326 325/325/325 324/324/324
f 326/326/326 324/324/324 327/327/327
f 326/326/326 327/327/327 328/328/328
f 329/329/329 326/326/326 328/328/328
f 332/332/332 331/331/331 330/330/330
f 331/331/331 333/333/333 330/330/330
f 331/331/331 334/334/334 333/333/333
f 337/337/337 336/336/336 335/335/335
f 337/337/337 335/335/335 338/338/338
f 339/339/339 337/337/337 338/338/338
f 342/342/342 341/341/341 340/340/340
f 343/343/343 342/342/342 340/340/340
f 346/346/346 345/345/345 344/344/344
f 347/347/347 346/346/346 344/344/344
f 350/350/350 349/349/349 348/348/348
f 351/351/351 350/350/350 348/348/348
f 354/354/354 353/353/353 352/352/352
f 355/355/355 354/354/354 352/352/352
f 358/358/358 357/357/357 356/356/356
f 359/359/359 358/358/358 356/356/356
f 362/362/362 361/361/361 360/360/360
f 363/363/363 362/362/362 360/360/360
f 364/364/364 363/363/363 360/360/360
f 367/367/367 366/366/366 365/365/365
f 368/368/368 367/367/367 365/365/365
f 371/371/371 370/370/370 369/369/369
f 372/372/372 371/371/371 369/369/369
f 375/375/375 374/374/374 373/373/373
f 376/376/376 375/375/375 373/373/373
f 379/379/379 378/378/378 377/377/377
f 380/380/380 379/379/379 377/377/377
f 383/383/383 382/382/382 381/381/381
f 384/384/384 383/383/383 381/381/381
f 387/387/387 386/386/386 385/385/385
f 388/388/388 387/387/387 385/385/385
f 391/391/391 390/390/390 389/389/389
f 392/392/392 391/391/391 389/389/389
f 395/395/395 394/394/394 393/393/393
f 396/396/396 395/395/395 393/393/393
f 399/399/399 398/398/398 397/397/397
f 400/400/400 399/399/399 397/397/397
f 400/400/400 401/401/401 399/399/399
f 404/404/404 403/403/403 402/402/402
f 405/405/405 404/404/404 402/402/402
f 408/408/408 407/407/407 406/406/406
f 409/409/409 408/408/408 406/406/406
f 412/412/412 411/411/411 410/410/410
f 413/413/413 412/412/412 410/410/410
f 416/416/416 415/415/415 414/414/414
f 417/417/417 416/416/416 414/414/414
f 420/420/420 419/419/419 418/418/418
f 421/421/421 420/420/420 418/418/418
f 424/424/424 423/423/423 422/422/422
f 425/425/425 424/424/424 422/422/422
f 428/428/428 427/427/427 426/426/426
f 429/429/429 428/428/428 426/426/426
f 432/432/432 431/431/431 430/430/430
f 433/433/433 432/432/432 430/430/430
f 436/436/436 435/435/435 434/434/434
f 437/437/437 436/436/436 434/434/434
f 440/440/440 439/439/439 438/438/438
f 441/441/441 440/440/440 438/438/438
f 444/444/444 443/443/443 442/442/442
f 445/445/445 444/444/444 442/442/442
f 445/445/445 446/446/446 444/444/444
f 446/446/446 447/447/447 444/444/444
f 450/450/450 449/449/449 448/448/448
f 451/451/451 450/450/450 448/448/448
f 451/451/451 452/452/452 450/450/450
f 452/452/452 453/453/453 450/450/450
f 456/456/456 455/455/455 454/454/454
f 457/457/457 456/456/456 454/454/454
f 460/460/460 459/459/459 458/458/458
f 461/461/461 460/460/460 458/458/458
f 464/464/464 463/463/463 462/462/462
f 465/465/465 464/464/464 462/462/462
f 468/468/468 467/467/467 466/466/466
f 469/469/469 468/468/468 466/466/466
f 472/472/472 471/471/471 470/470/470
f 473/473/473 472/472/472 470/470/470
f 476/476/476 475/475/475 474/474/474
f 477/477/477 476/476/476 474/474/474
f 480/480/480 479/479/479 478/478/478
f 481/481/481 480/480/480 478/478/478
f 482/482/482 481/481/481 478/478/478
f 485/485/485 484/484/484 483/483/483
f 484/484/484 486/486/486 483/483/483
f 486/486/486 487/487/487 483/483/483
f 490/490/490 489/489/489 488/488/488
f 491/491/491 490/490/490 488/488/488
f 494/494/494 493/493/493 492/492/492
f 495/495/495 494/494/494 492/492/492
f 498/498/498 497/497/497 496/496/496
f 499/499/499 498/498/498 496/496/496
f 502/502/502 501/501/501 500/500/500
f 503/503/503 502/502/502 500/500/500
f 506/506/506 505/505/505 504/504/504
f 507/507/507 506/506/506 504/504/504
f 510/510/510 509/509/509 508/508/508
f 511/511/511 510/510/510 508/508/508
f 514/514/514 513/513/513 512/512/512
f 515/515/515 514/514/514 512/512/512
f 518/518/518 517/517/517 516/516/516
f 519/519/519 518/518/518 516/516/516
f 522/522/522 521/521/521 520/520/520
f 523/523/523 522/522/522 520/520/520
f 526/526/526 525/525/525 524/524/524
f 525/525/525 527/527/527 524/524/524
f 525/525/525 528/528/528 527/527/527
f 528/528/528 529/529/529 527/527/527
f 532/532/532 531/531/531 530/530/530
f 533/533/533 532/532/532 530/530/530
f 536/536/536 535/535/535 534/534/534
f 537/537/537 536/536/536 534/534/534
f 540/540/540 539/539/539 538/538/538
f 541/541/541 540/540/540 538/538/538
f 544/544/544 543/543/543 542/542/542
f 545/545/545 544/544/544 542/542/542
f 548/548/548 547/547/547 546/546/546
f 547/547/547 549/549/549 546/546/546
f 547/547/547 550/550/550 549/549/549
f 553/553/553 552/552/552 551/551/551
f 554/554/554 553/553/553 551/551/551
f 557/557/557 556/556/556 555/555/555
f 556/556/556 558/558/558 555/555/555
f 558/558/558 559/559/559 555/555/555
f 562/562/562 561/561/561 560/560/560
f 563/563/563 562/562/562 560/560/560
f 566/566/566 565/565/565 564/564/564
f 567/567/567 566/566/566 564/564/564
f 570/570/570 569/569/569 568/568/568
f 571/571/571 570/570/570 568/568/568
f 572/572/572 571/571/571 568/568/568
f 573/573/573 572/572/572 568/568/568
f 576/576/576 575/575/575 574/574/574
f 575/575/575 577/577/577 574/574/574
f 575/575/575 578/578/578 577/577/577
f 578/578/578 579/579/579 577/577/577
f 582/582/582 581/581/581 580/580/580
f 583/583/583 582/582/582 580/580/580
f 583/583/583 580/580/580 584/584/584
f 585/585/585 583/583/583 584/584/584
f 588/588/588 587/587/587 586/586/586
f 588/588/588 589/589/589 587/587/587
f 589/589/589 590/590/590 587/587/587
f 593/593/593 592/592/592 591/591/591
f 592/592/592 594/594/594 591/591/591
f 592/592/592 595/595/595 594/594/594
f 598/598/598 597/597/597 596/596/596
f 597/597/597 599/599/599 596/596/596
f 597/597/597 600/600/600 599/599/599
f 603/603/603 602/602/602 601/601/601
f 602/602/602 604/604/604 601/601/601
f 602/602/602 605/605/605 604/604/604
f 605/605/605 606/606/606 604/604/604
f 609/609/609 608/608/608 607/607/607
f 609/609/609 607/607/607 610/610/610
f 607/607/607 611/611/611 610/610/610
f 611/611/611 612/612/612 610/610/610
f 615/615/615 614/614/614 613/613/613
f 614/614/614 616/616/616 613/613/613
f 613/613/613 616/616/616 617/617/617
f 614/614/614 618/618/618 616/616/616
f 616/616/616 619/619/619 617/617/617
f 618/618/618 620/620/620 616/616/616
f 616/616/616 620/620/620 619/619/619
f 618/618/618 621/621/621 620/620/620
f 621/621/621 622/622/622 620/620/620
f 621/621/621 623/623/623 622/622/622
f 620/620/620 624/624/624 619/619/619
f 620/620/620 622/622/622 624/624/624
f 623/623/623 625/625/625 622/622/622
f 623/623/623 626/626/626 625/625/625
f 619/619/619 624/624/624 627/627/627
f 628/628/628 619/619/619 627/627/627
f 627/627/627 624/624/624 629/629/629
f 622/622/622 630/630/630 624/624/624
f 624/624/624 630/630/630 629/629/629
f 630/630/630 622/622/622 625/625/625
f 629/629/629 630/630/630 631/631/631
f 630/630/630 632/632/632 631/631/631
f 632/632/632 630/630/630 625/625/625
f 631/631/631 632/632/632 633/633/633
f 626/626/626 634/634/634 625/625/625
f 625/625/625 634/634/634 632/632/632
f 626/626/626 635/635/635 634/634/634
f 632/632/632 636/636/636 633/633/633
f 634/634/634 636/636/636 632/632/632
f 633/633/633 636/636/636 637/637/637
f 635/635/635 638/638/638 634/634/634
f 634/634/634 638/638/638 636/636/636
f 635/635/635 639/639/639 638/638/638
f 636/636/636 640/640/640 637/637/637
f 638/638/638 640/640/640 636/636/636
f 637/637/637 640/640/640 641/641/641
f 639/639/639 642/642/642 638/638/638
f 638/638/638 642/642/642 640/640/640
f 639/639/639 643/643/643 642/642/642
f 640/640/640 644/644/644 641/641/641
f 642/642/642 644/644/644 640/640/640
f 641/641/641 644/644/644 645/645/645
f 643/643/643 646/646/646 642/642/642
f 642/642/642 646/646/646 644/644/644
f 643/643/643 647/647/647 646/646/646
f 644/644/644 648/648/648 645/645/645
f 646/646/646 648/648/648 644/644/644
f 645/645/645 648/648/648 649/649/649
f 647/647/647 650/650/650 646/646/646
f 648/648/648 646/646/646 650/650/650
f 647/647/647 651/651/651 650/650/650
f 648/648/648 652/652/652 649/649/649
f 652/652/652 648/648/648 650/650/650
f 649/649/649 652/652/652 653/653/653
f 651/651/651 654/654/654 650/650/650
f 650/650/650 654/654/654 652/652/652
f 651/651/651 655/655/655 654/654/654
f 652/652/652 656/656/656 653/653/653
f 654/654/654 656/656/656 652/652/652
f 653/653/653 656/656/656 657/657/657
f 655/655/655 658/658/658 654/654/654
f 654/654/654 658/658/658 656/656/656
f 655/655/655 659/659/659 658/658/658
f 656/656/656 660/660/660 657/657/657
f 658/658/658 660/660/660 656/656/656
f 657/657/657 660/660/660 661/661/661
f 659/659/659 662/662/662 658/658/658
f 658/658/658 662/662/662 660/660/660
f 659/659/659 663/663/663 662/662/662
f 660/660/660 664/664/664 661/661/661
f 662/662/662 664/664/664 660/660/660
f 661/661/661 664/664/664 665/665/665
f 663/663/663 666/666/666 662/662/662
f 662/662/662 666/666/666 664/664/664
f 663/663/663 667/667/667 666/666/666
f 664/664/664 668/668/668 665/665/665
f 666/666/666 668/668/668 664/664/664
f 665/665/665 668/668/668 669/669/669
f 667/667/667 670/670/670 666/666/666
f 666/666/666 670/670/670 668/668/668
f 667/667/667 671/671/671 670/670/670
f 668/668/668 672/672/672 669/669/669
f 670/670/670 672/672/672 668/668/668
f 669/669/669 672/672/672 673/673/673
f 671/671/671 674/674/674 670/670/670
f 672/672/672 670/670/670 674/674/674
f 671/671/671 675/675/675 674/674/674
f 672/672/672 676/676/676 673/673/673
f 676/676/676 672/672/672 674/674/674
f 673/673/673 676/676/676 677/677/677
f 675/675/675 678/678/678 674/674/674
f 674/674/674 678/678/678 676/676/676
f 675/675/675 679/679/679 678/678/678
f 676/676/676 680/680/680 677/677/677
f 678/678/678 680/680/680 676/676/676
f 677/677/677 680/680/680 681/681/681
f 679/679/679 682/682/682 678/678/678
f 678/678/678 682/682/682 680/680/680
f 679/679/679 683/683/683 682/682/682
f 680/680/680 684/684/684 681/681/681
f 682/682/682 684/684/684 680/680/680
f 681/681/681 684/684/684 685/685/685
f 683/683/683 686/686/686 682/682/682
f 684/684/684 682/682/682 686/686/686
f 683/683/683 687/687/687 686/686/686
f 684/684/684 688/688/688 685/685/685
f 688/688/688 684/684/684 686/686/686
f 685/685/685 688/688/688 689/689/689
f 687/687/687 690/690/690 686/686/686
f 688/688/688 686/686/686 690/690/690
f 687/687/687 691/691/691 690/690/690
f 688/688/688 692/692/692 689/689/689
f 692/692/692 688/688/688 690/690/690
f 689/689/689 692/692/692 693/693/693
f 691/691/691 694/694/694 690/690/690
f 692/692/692 690/690/690 694/694/694
f 691/691/691 695/695/695 694/694/694
f 692/692/692 696/696/696 693/693/693
f 696/696/696 692/692/692 694/694/694
f 693/693/693 696/696/696 697/697/697
f 695/695/695 698/698/698 694/694/694
f 696/696/696 694/694/694 698/698/698
f 695/695/695 699/699/699 698/698/698
f 696/696/696 700/700/700 697/697/697
f 700/700/700 696/696/696 698/698/698
f 697/697/697 700/700/700 701/701/701
f 699/699/699 702/702/702 698/698/698
f 698/698/698 702/702/702 700/700/700
f 699/699/699 703/703/703 702/702/702
f 700/700/700 704/704/704 701/701/701
f 702/702/702 704/704/704 700/700/700
f 701/701/701 704/704/704 705/705/705
f 703/703/703 706/706/706 702/702/702
f 702/702/702 706/706/706 704/704/704
f 703/703/703 707/707/707 706/706/706
f 704/704/704 708/708/708 705/705/705
f 706/706/706 708/708/708 704/704/704
f 705/705/705 708/708/708 709/709/709
f 707/707/707 710/710/710 706/706/706
f 708/708/708 706/706/706 710/710/710
f 707/707/707 711/711/711 710/710/710
f 708/708/708 712/712/712 709/709/709
f 712/712/712 708/708/708 710/710/710
f 709/709/709 712/712/712 713/713/713
f 711/711/711 714/714/714 710/710/710
f 710/710/710 714/714/714 712/712/712
f 711/711/711 715/715/715 714/714/714
f 712/712/712 716/716/716 713/713/713
f 714/714/714 716/716/716 712/712/712
f 713/713/713 716/716/716 717/717/717
f 715/715/715 718/718/718 714/714/714
f 714/714/714 718/718/718 716/716/716
f 715/715/715 719/719/719 718/718/718
f 716/716/716 720/720/720 717/717/717
f 718/718/718 720/720/720 716/716/716
f 717/717/717 720/720/720 721/721/721
f 719/719/719 722/722/722 718/718/718
f 720/720/720 718/718/718 722/722/722
f 719/719/719 723/723/723 722/722/722
f 720/720/720 724/724/724 721/721/721
f 724/724/724 720/720/720 722/722/722
f 721/721/721 724/724/724 725/725/725
f 723/723/723 726/726/726 722/722/722
f 724/724/724 722/722/722 726/726/726
f 723/723/723 727/727/727 726/726/726
f 724/724/724 728/728/728 725/725/725
f 728/728/728 724/724/724 726/726/726
f 725/725/725 728/728/728 729/729/729
f 727/727/727 730/730/730 726/726/726
f 728/728/728 726/726/726 730/730/730
f 727/727/727 731/731/731 730/730/730
f 728/728/728 732/732/732 729/729/729
f 732/732/732 728/728/728 730/730/730
f 729/729/729 732/732/732 733/733/733
f 731/731/731 734/734/734 730/730/730
f 732/732/732 730/730/730 734/734/734
f 731/731/731 735/735/735 734/734/734
f 732/732/732 736/736/736 733/733/733
f 736/736/736 732/732/732 734/734/734
f 733/733/733 736/736/736 737/737/737
f 735/735/735 738/738/738 734/734/734
f 734/734/734 738/738/738 736/736/736
f 735/735/735 739/739/739 738/738/738
f 736/736/736 740/740/740 737/737/737
f 738/738/738 740/740/740 736/736/736
f 737/737/737 740/740/740 741/741/741
f 739/739/739 742/742/742 738/738/738
f 740/740/740 738/738/738 742/742/742
f 739/739/739 743/743/743 742/742/742
f 740/740/740 744/744/744 741/741/741
f 744/744/744 740/740/740 742/742/742
f 741/741/741 744/744/744 745/745/745
f 743/743/743 746/746/746 742/742/742
f 744/744/744 742/742/742 746/746/746
f 743/743/743 747/747/747 746/746/746
f 744/744/744 748/748/748 745/745/745
f 748/748/748 744/744/744 746/746/746
f 745/745/745 748/748/748 749/749/749
f 747/747/747 750/750/750 746/746/746
f 746/746/746 750/750/750 748/748/748
f 747/747/747 751/751/751 750/750/750
f 748/748/748 752/752/752 749/749/749
f 750/750/750 752/752/752 748/748/748
f 749/749/749 752/752/752 753/753/753
f 751/751/751 754/754/754 750/750/750
f 752/752/752 750/750/750 754/754/754
f 751/751/751 755/755/755 754/754/754
f 752/752/752 756/756/756 753/753/753
f 756/756/756 752/752/752 754/754/754
f 753/753/753 756/756/756 757/757/757
f 756/756/756 758/758/758 757/757/757
f 755/755/755 759/759/759 754/754/754
f 754/754/754 759/759/759 756/756/756
f 759/759/759 758/758/758 756/756/756
f 755/755/755 760/760/760 759/759/759
f 759/759/759 761/761/761 758/758/758
f 760/760/760 761/761/761 759/759/759
f 760/760/760 762/762/762 761/761/761
f 761/761/761 763/763/763 758/758/758
f 762/762/762 764/764/764 761/761/761
f 761/761/761 764/764/764 763/763/763
f 762/762/762 765/765/765 764/764/764
f 765/765/765 766/766/766 764/764/764
f 765/765/765 767/767/767 766/766/766
f 764/764/764 768/768/768 763/763/763
f 768/768/768 764/764/764 766/766/766
f 763/763/763 768/768/768 769/769/769
f 770/770/770 763/763/763 769/769/769
f 771/771/771 768/768/768 766/766/766
f 767/767/767 772/772/772 766/766/766
f 766/766/766 772/772/772 771/771/771
f 767/767/767 773/773/773 772/772/772
f 772/772/772 774/774/774 771/771/771
f 773/773/773 775/775/775 772/772/772
f 772/772/772 775/775/775 774/774/774
f 773/773/773 776/776/776 775/775/775
f 775/775/775 777/777/777 774/774/774
f 776/776/776 778/778/778 775/775/775
f 775/775/775 778/778/778 777/777/777
f 776/776/776 779/779/779 778/778/778
f 778/778/778 780/780/780 777/777/777
f 779/779/779 781/781/781 778/778/778
f 778/778/778 781/781/781 780/780/780
f 779/779/779 782/782/782 781/781/781
f 782/782/782 783/783/783 781/781/781
f 782/782/782 784/784/784 783/783/783
f 781/781/781 785/785/785 780/780/780
f 785/785/785 781/781/781 783/783/783
f 784/784/784 786/786/786 783/783/783
f 784/784/784 787/787/787 786/786/786
f 780/780/780 785/785/785 788/788/788
f 789/789/789 780/780/780 788/788/788
f 788/788/788 785/785/785 790/790/790
f 791/791/791 785/785/785 783/783/783
f 785/785/785 791/791/791 790/790/790
f 783/783/783 786/786/786 791/791/791
f 790/790/790 791/791/791 792/792/792
f 791/791/791 793/793/793 792/792/792
f 786/786/786 793/793/793 791/791/791
f 792/792/792 793/793/793 794/794/794
f 787/787/787 795/795/795 786/786/786
f 786/786/786 795/795/795 793/793/793
f 787/787/787 796/796/796 795/795/795
f 793/793/793 797/797/797 794/794/794
f 795/795/795 797/797/797 793/793/793
f 794/794/794 797/797/797 798/798/798
f 796/796/796 799/799/799 795/795/795
f 795/795/795 799/799/799 797/797/797
f 796/796/796 800/800/800 799/799/799
f 797/797/797 801/801/801 798/798/798
f 799/799/799 801/801/801 797/797/797
f 798/798/798 801/801/801 802/802/802
f 800/800/800 803/803/803 799/799/799
f 799/799/799 803/803/803 801/801/801
f 800/800/800 804/804/804 803/803/803
f 801/801/801 805/805/805 802/802/802
f 803/803/803 805/805/805 801/801/801
f 802/802/802 805/805/805 806/806/806
f 804/804/804 807/807/807 803/803/803
f 805/805/805 803/803/803 807/807/807
f 804/804/804 808/808/808 807/807/807
f 805/805/805 809/809/809 806/806/806
f 809/809/809 805/805/805 807/807/807
f 806/806/806 809/809/809 810/810/810
f 808/808/808 811/811/811 807/807/807
f 807/807/807 811/811/811 809/809/809
f 808/808/808 812/812/812 811/811/811
f 809/809/809 813/813/813 810/810/810
f 811/811/811 813/813/813 809/809/809
f 810/810/810 813/813/813 814/814/814
f 812/812/812 815/815/815 811/811/811
f 811/811/811 815/815/815 813/813/813
f 812/812/812 816/816/816 815/815/815
f 813/813/813 817/817/817 814/814/814
f 815/815/815 817/817/817 813/813/813
f 814/814/814 817/817/817 818/818/818
f 816/816/816 819/819/819 815/815/815
f 815/815/815 819/819/819 817/817/817
f 816/816/816 820/820/820 819/819/819
f 817/817/817 821/821/821 818/818/818
f 819/819/819 821/821/821 817/817/817
f 818/818/818 821/821/821 822/822/822
f 820/820/820 823/823/823 819/819/819
f 819/819/819 823/823/823 821/821/821
f 820/820/820 824/824/824 823/823/823
f 821/821/821 825/825/825 822/822/822
f 823/823/823 825/825/825 821/821/821
f 822/822/822 825/825/825 826/826/826
f 824/824/824 827/827/827 823/823/823
f 823/823/823 827/827/827 825/825/825
f 824/824/824 828/828/828 827/827/827
f 825/825/825 829/829/829 826/826/826
f 827/827/827 829/829/829 825/825/825
f 826/826/826 829/829/829 830/830/830
f 828/828/828 831/831/831 827/827/827
f 829/829/829 827/827/827 831/831/831
f 828/828/828 832/832/832 831/831/831
f 829/829/829 833/833/833 830/830/830
f 833/833/833 829/829/829 831/831/831
f 830/830/830 833/833/833 834/834/834
f 832/832/832 835/835/835 831/831/831
f 831/831/831 835/835/835 833/833/833
f 832/832/832 836/836/836 835/835/835
f 833/833/833 837/837/837 834/834/834
f 835/835/835 837/837/837 833/833/833
f 834/834/834 837/837/837 838/838/838
f 836/836/836 839/839/839 835/835/835
f 835/835/835 839/839/839 837/837/837
f 836/836/836 840/840/840 839/839/839
f 837/837/837 841/841/841 838/838/838
f 839/839/839 841/841/841 837/837/837
f 838/838/838 841/841/841 842/842/842
f 840/840/840 843/843/843 839/839/839
f 841/841/841 839/839/839 843/843/843
f 840/840/840 844/844/844 843/843/843
f 841/841/841 845/845/845 842/842/842
f 845/845/845 841/841/841 843/843/843
f 842/842/842 845/845/845 846/846/846
f 844/844/844 847/847/847 843/843/843
f 845/845/845 843/843/843 847/847/847
f 844/844/844 848/848/848 847/847/847
f 845/845/845 849/849/849 846/846/846
f 849/849/849 845/845/845 847/847/847
f 846/846/846 849/849/849 850/850/850
f 848/848/848 851/851/851 847/847/847
f 849/849/849 847/847/847 851/851/851
f 848/848/848 852/852/852 851/851/851
f 849/849/849 853/853/853 850/850/850
f 853/853/853 849/849/849 851/851/851
f 850/850/850 853/853/853 854/854/854
f 852/852/852 855/855/855 851/851/851
f 853/853/853 851/851/851 855/855/855
f 852/852/852 856/856/856 855/855/855
f 853/853/853 857/857/857 854/854/854
f 857/857/857 853/853/853 855/855/855
f 854/854/854 857/857/857 858/858/858
f 856/856/856 859/859/859 855/855/855
f 855/855/855 859/859/859 857/857/857
f 856/856/856 860/860/860 859/859/859
f 857/857/857 861/861/861 858/858/858
f 859/859/859 861/861/861 857/857/857
f 858/858/858 861/861/861 862/862/862
f 860/860/860 863/863/863 859/859/859
f 859/859/859 863/863/863 861/861/861
f 860/860/860 864/864/864 863/863/863
f 861/861/861 865/865/865 862/862/862
f 863/863/863 865/865/865 861/861/861
f 862/862/862 865/865/865 866/866/866
f 864/864/864 867/867/867 863/863/863
f 865/865/865 863/863/863 867/867/867
f 864/864/864 868/868/868 867/867/867
f 865/865/865 869/869/869 866/866/866
f 869/869/869 865/865/865 867/867/867
f 866/866/866 869/869/869 870/870/870
f 868/868/868 871/871/871 867/867/867
f 867/867/867 871/871/871 869/869/869
f 868/868/868 872/872/872 871/871/871
f 869/869/869 873/873/873 870/870/870
f 871/871/871 873/873/873 869/869/869
f 870/870/870 873/873/873 874/874/874
f 872/872/872 875/875/875 871/871/871
f 871/871/871 875/875/875 873/873/873
f 872/872/872 876/876/876 875/875/875
f 873/873/873 877/877/877 874/874/874
f 875/875/875 877/877/877 873/873/873
f 874/874/874 877/877/877 878/878/878
f 876/876/876 879/879/879 875/875/875
f 877/877/877 875/875/875 879/879/879
f 876/876/876 880/880/880 879/879/879
f 877/877/877 881/881/881 878/878/878
f 881/881/881 877/877/877 879/879/879
f 878/878/878 881/881/881 882/882/882
f 880/880/880 883/883/883 879/879/879
f 881/881/881 879/879/879 883/883/883
f 880/880/880 884/884/884 883/883/883
f 881/881/881 885/885/885 882/882/882
f 885/885/885 881/881/881 883/883/883
f 882/882/882 885/885/885 886/886/886
f 884/884/884 887/887/887 883/883/883
f 885/885/885 883/883/883 887/887/887
f 884/884/884 888/888/888 887/887/887
f 885/885/885 889/889/889 886/886/886
f 889/889/889 885/885/885 887/887/887
f 886/886/886 889/889/889 890/890/890
f 888/888/888 891/891/891 887/887/887
f 889/889/889 887/887/887 891/891/891
f 888/888/888 892/892/892 891/891/891
f 889/889/889 893/893/893 890/890/890
f 893/893/893 889/889/889 891/891/891
f 890/890/890 893/893/893 894/894/894
f 892/892/892 895/895/895 891/891/891
f 891/891/891 895/895/895 893/893/893
f 892/892/892 896/896/896 895/895/895
f 893/893/893 897/897/897 894/894/894
f 895/895/895 897/897/897 893/893/893
f 894/894/894 897/897/897 898/898/898
f 896/896/896 899/899/899 895/895/895
f 897/897/897 895/895/895 899/899/899
f 896/896/896 900/900/900 899/899/899
f 897/897/897 901/901/901 898/898/898
f 901/901/901 897/897/897 899/899/899
f 898/898/898 901/901/901 902/902/902
f 900/900/900 903/903/903 899/899/899
f 899/899/899 903/903/903 901/901/901
f 900/900/900 904/904/904 903/903/903
f 901/901/901 905/905/905 902/902/902
f 903/903/903 905/905/905 901/901/901
f 902/902/902 905/905/905 906/906/906
f 904/904/904 907/907/907 903/903/903
f 903/903/903 907/907/907 905/905/905
f 904/904/904 908/908/908 907/907/907
f 905/905/905 909/909/909 906/906/906
f 907/907/907 909/909/909 905/905/905
f 906/906/906 909/909/909 910/910/910
f 908/908/908 911/911/911 907/907/907
f 907/907/907 911/911/911 909/909/909
f 908/908/908 912/912/912 911/911/911
f 909/909/909 913/913/913 910/910/910
f 911/911/911 913/913/913 909/909/909
f 910/910/910 913/913/913 914/914/914
f 912/912/912 915/915/915 911/911/911
f 911/911/911 915/915/915 913/913/913
f 912/912/912 916/916/916 915/915/915
f 913/913/913 917/917/917 914/914/914
f 915/915/915 917/917/917 913/913/913
f 914/914/914 917/917/917 918/918/918
f 916/916/916 919/919/919 915/915/915
f 917/917/917 915/915/915 919/919/919
f 916/916/916 920/920/920 919/919/919
f 917/917/917 921/921/921 918/918/918
f 921/921/921 917/917/917 919/919/919
f 918/918/918 921/921/921 922/922/922
f 920/920/920 923/923/923 919/919/919
f 919/919/919 923/923/923 921/921/921
f 920/920/920 924/924/924 923/923/923
f 921/921/921 925/925/925 922/922/922
f 923/923/923 925/925/925 921/921/921
f 922/922/922 925/925/925 926/926/926
f 924/924/924 927/927/927 923/923/923
f 923/923/923 927/927/927 925/925/925
f 924/924/924 928/928/928 927/927/927
f 928/928/928 929/929/929 927/927/927
f 925/925/925 930/930/930 926/926/926
f 927/927/927 930/930/930 925/925/925
f 927/927/927 929/929/929 930/930/930
f 926/926/926 930/930/930 931/931/931
f 929/929/929 932/932/932 930/930/930
f 930/930/930 932/932/932 931/931/931
f 935/935/935 934/934/934 933/933/933
f 936/936/936 935/935/935 933/933/933
f 937/937/937 935/935/935 936/936/936
f 938/938/938 937/937/937 936/936/936
f 939/939/939 937/937/937 938/938/938
f 940/940/940 939/939/939 938/938/938
f 941/941/941 939/939/939 940/940/940
f 942/942/942 941/941/941 940/940/940
f 945/945/945 944/944/944 943/943/943
f 946/946/946 945/945/945 943/943/943
f 949/949/949 948/948/948 947/947/947
f 950/950/950 949/949/949 947/947/947
f 953/953/953 952/952/952 951/951/951
f 954/954/954 953/953/953 951/951/951
f 955/955/955 953/953/953 954/954/954
f 956/956/956 955/955/955 954/954/954
f 954/954/954 951/951/951 957/957/957
f 957/957/957 951/951/951 958/958/958
f 956/956/956 954/954/954 959/959/959
f 959/959/959 954/954/954 957/957/957
f 960/960/960 956/956/956 959/959/959
f 961/961/961 957/957/957 958/958/958
f 962/962/962 957/957/957 961/961/961
f 957/957/957 962/962/962 959/959/959
f 963/963/963 962/962/962 961/961/961
f 960/960/960 959/959/959 964/964/964
f 962/962/962 964/964/964 959/959/959
f 965/965/965 960/960/960 964/964/964
f 966/966/966 962/962/962 963/963/963
f 964/964/964 962/962/962 966/966/966
f 967/967/967 966/966/966 963/963/963
f 965/965/965 964/964/964 968/968/968
f 968/968/968 964/964/964 966/966/966
f 969/969/969 965/965/965 968/968/968
f 970/970/970 966/966/966 967/967/967
f 968/968/968 966/966/966 970/970/970
f 971/971/971 970/970/970 967/967/967
f 969/969/969 968/968/968 972/972/972
f 972/972/972 968/968/968 970/970/970
f 973/973/973 969/969/969 972/972/972
f 974/974/974 970/970/970 971/971/971
f 972/972/972 970/970/970 974/974/974
f 975/975/975 974/974/974 971/971/971
f 973/973/973 972/972/972 976/976/976
f 976/976/976 972/972/972 974/974/974
f 977/977/977 973/973/973 976/976/976
f 978/978/978 974/974/974 975/975/975
f 974/974/974 978/978/978 976/976/976
f 979/979/979 978/978/978 975/975/975
f 977/977/977 976/976/976 980/980/980
f 978/978/978 980/980/980 976/976/976
f 981/981/981 977/977/977 980/980/980
f 982/982/982 978/978/978 979/979/979
f 980/980/980 978/978/978 982/982/982
f 983/983/983 982/982/982 979/979/979
f 981/981/981 980/980/980 984/984/984
f 984/984/984 980/980/980 982/982/982
f 985/985/985 981/981/981 984/984/984
f 986/986/986 982/982/982 983/983/983
f 984/984/984 982/982/982 986/986/986
f 987/987/987 986/986/986 983/983/983
f 985/985/985 984/984/984 988/988/988
f 988/988/988 984/984/984 986/986/986
f 986/986/986 989/989/989 988/988/988
f 990/990/990 985/985/985 988/988/988
f 989/989/989 991/991/991 988/988/988
f 990/990/990 988/988/988 991/991/991
f 992/992/992 990/990/990 991/991/991
f 994/994/994 993/993/993 987/987/987
f 995/995/995 994/994/994 987/987/987
f 996/996/996 994/994/994 995/995/995
f 997/997/997 996/996/996 995/995/995
f 998/998/998 994/994/994 996/996/996
f 999/999/999 996/996/996 997/997/997
f 1000/1000/1000 999/999/999 997/997/997
f 1001/1001/1001 998/998/998 996/996/996
f 1001/1001/1001 996/996/996 999/999/999
f 1002/1002/1002 998/998/998 1001/1001/1001
f 1003/1003/1003 1002/1002/1002 1001/1001/1001
f 1003/1003/1003 1001/1001/1001 1004/1004/1004
f 1004/1004/1004 1001/1001/1001 999/999/999
f 1005/1005/1005 1003/1003/1003 1004/1004/1004
f 1006/1006/1006 999/999/999 1000/1000/1000
f 999/999/999 1006/1006/1006 1004/1004/1004
f 1007/1007/1007 1006/1006/1006 1000/1000/1000
f 1005/1005/1005 1004/1004/1004 1008/1008/1008
f 1006/1006/1006 1008/1008/1008 1004/1004/1004
f 1009/1009/1009 1005/1005/1005 1008/1008/1008
f 1010/1010/1010 1006/1006/1006 1007/1007/1007
f 1006/1006/1006 1010/1010/1010 1008/1008/1008
f 1011/1011/1011 1010/1010/1010 1007/1007/1007
f 1009/1009/1009 1008/1008/1008 1012/1012/1012
f 1010/1010/1010 1012/1012/1012 1008/1008/1008
f 1013/1013/1013 1009/1009/1009 1012/1012/1012
f 1014/1014/1014 1010/1010/1010 1011/1011/1011
f 1012/1012/1012 1010/1010/1010 1014/1014/1014
f 1015/1015/1015 1014/1014/1014 1011/1011/1011
f 1013/1013/1013 1012/1012/1012 1016/1016/1016
f 1016/1016/1016 1012/1012/1012 1014/1014/1014
f 1017/1017/1017 1013/1013/1013 1016/1016/1016
f 1018/1018/1018 1014/1014/1014 1015/1015/1015
f 1016/1016/1016 1014/1014/1014 1018/1018/1018
f 1019/1019/1019 1018/1018/1018 1015/1015/1015
f 1017/1017/1017 1016/1016/1016 1020/1020/1020
f 1020/1020/1020 1016/1016/1016 1018/1018/1018
f 1021/1021/1021 1017/1017/1017 1020/1020/1020
f 1022/1022/1022 1018/1018/1018 1019/1019/1019
f 1020/1020/1020 1018/1018/1018 1022/1022/1022
f 1023/1023/1023 1022/1022/1022 1019/1019/1019
f 1021/1021/1021 1020/1020/1020 1024/1024/1024
f 1024/1024/1024 1020/1020/1020 1022/1022/1022
f 1025/1025/1025 1021/1021/1021 1024/1024/1024
f 1026/1026/1026 1022/1022/1022 1023/1023/1023
f 1022/1022/1022 1026/1026/1026 1024/1024/1024
f 1027/1027/1027 1026/1026/1026 1023/1023/1023
f 1028/1028/1028 1026/1026/1026 1027/1027/1027
f 958/958/958 1028/1028/1028 1027/1027/1027
f 1026/1026/1026 1029/1029/1029 1024/1024/1024
f 1025/1025/1025 1024/1024/1024 1029/1029/1029
f 1030/1030/1030 1025/1025/1025 1029/1029/1029
f 1033/1033/1033 1032/1032/1032 1031/1031/1031
f 1034/1034/1034 1033/1033/1033 1031/1031/1031
f 1035/1035/1035 1033/1033/1033 1034/1034/1034
f 1036/1036/1036 1035/1035/1035 1034/1034/1034
f 1034/1034/1034 1031/1031/1031 1037/1037/1037
f 1036/1036/1036 1034/1034/1034 1038/1038/1038
f 1038/1038/1038 1034/1034/1034 1037/1037/1037
f 1039/1039/1039 1036/1036/1036 1038/1038/1038
f 1037/1037/1037 1040/1040/1040 1038/1038/1038
f 1040/1040/1040 1037/1037/1037 1041/1041/1041
f 1042/1042/1042 1040/1040/1040 1041/1041/1041
f 1039/1039/1039 1038/1038/1038 1043/1043/1043
f 1040/1040/1040 1043/1043/1043 1038/1038/1038
f 1044/1044/1044 1039/1039/1039 1043/1043/1043
f 1040/1040/1040 1045/1045/1045 1043/1043/1043
f 1044/1044/1044 1043/1043/1043 1046/1046/1046
f 1045/1045/1045 1046/1046/1046 1043/1043/1043
f 1047/1047/1047 1044/1044/1044 1046/1046/1046
f 1047/1047/1047 1046/1046/1046 1048/1048/1048
f 1049/1049/1049 1047/1047/1047 1048/1048/1048
f 1046/1046/1046 1045/1045/1045 1050/1050/1050
f 1048/1048/1048 1046/1046/1046 1050/1050/1050
f 1049/1049/1049 1048/1048/1048 1051/1051/1051
f 1052/1052/1052 1049/1049/1049 1051/1051/1051
f 1050/1050/1050 1045/1045/1045 1053/1053/1053
f 1054/1054/1054 1050/1050/1050 1053/1053/1053
f 1048/1048/1048 1050/1050/1050 1055/1055/1055
f 1055/1055/1055 1050/1050/1050 1054/1054/1054
f 1051/1051/1051 1048/1048/1048 1055/1055/1055
f 1056/1056/1056 1055/1055/1055 1054/1054/1054
f 1057/1057/1057 1055/1055/1055 1056/1056/1056
f 1051/1051/1051 1055/1055/1055 1057/1057/1057
f 1058/1058/1058 1057/1057/1057 1056/1056/1056
f 1052/1052/1052 1051/1051/1051 1059/1059/1059
f 1059/1059/1059 1051/1051/1051 1057/1057/1057
f 1060/1060/1060 1052/1052/1052 1059/1059/1059
f 1061/1061/1061 1057/1057/1057 1058/1058/1058
f 1057/1057/1057 1061/1061/1061 1059/1059/1059
f 1062/1062/1062 1061/1061/1061 1058/1058/1058
f 1061/1061/1061 1063/1063/1063 1059/1059/1059
f 1060/1060/1060 1059/1059/1059 1063/1063/1063
f 1064/1064/1064 1060/1060/1060 1063/1063/1063
f 1066/1066/1066 1065/1065/1065 1062/1062/1062
f 1067/1067/1067 1066/1066/1066 1062/1062/1062
f 1069/1069/1069 1068/1068/1068 1066/1066/1066
f 1070/1070/1070 1069/1069/1069 1066/1066/1066
f 1071/1071/1071 1069/1069/1069 1070/1070/1070
f 1072/1072/1072 1071/1071/1071 1070/1070/1070
f 1070/1070/1070 1066/1066/1066 1073/1073/1073
f 1072/1072/1072 1070/1070/1070 1074/1074/1074
f 1074/1074/1074 1070/1070/1070 1073/1073/1073
f 1075/1075/1075 1072/1072/1072 1074/1074/1074
f 1073/1073/1073 1076/1076/1076 1074/1074/1074
f 1076/1076/1076 1073/1073/1073 1077/1077/1077
f 1078/1078/1078 1076/1076/1076 1077/1077/1077
f 1075/1075/1075 1074/1074/1074 1079/1079/1079
f 1076/1076/1076 1079/1079/1079 1074/1074/1074
f 1080/1080/1080 1075/1075/1075 1079/1079/1079
f 1081/1081/1081 1076/1076/1076 1078/1078/1078
f 1079/1079/1079 1076/1076/1076 1081/1081/1081
f 1082/1082/1082 1081/1081/1081 1078/1078/1078
f 1080/1080/1080 1079/1079/1079 1083/1083/1083
f 1083/1083/1083 1079/1079/1079 1081/1081/1081
f 1084/1084/1084 1080/1080/1080 1083/1083/1083
f 1085/1085/1085 1081/1081/1081 1082/1082/1082
f 1083/1083/1083 1081/1081/1081 1085/1085/1085
f 1086/1086/1086 1085/1085/1085 1082/1082/1082
f 1084/1084/1084 1083/1083/1083 1087/1087/1087
f 1087/1087/1087 1083/1083/1083 1085/1085/1085
f 1088/1088/1088 1084/1084/1084 1087/1087/1087
f 1089/1089/1089 1085/1085/1085 1086/1086/1086
f 1087/1087/1087 1085/1085/1085 1089/1089/1089
f 1090/1090/1090 1089/1089/1089 1086/1086/1086
f 1088/1088/1088 1087/1087/1087 1091/1091/1091
f 1091/1091/1091 1087/1087/1087 1089/1089/1089
f 1092/1092/1092 1088/1088/1088 1091/1091/1091
f 1093/1093/1093 1089/1089/1089 1090/1090/1090
f 1089/1089/1089 1093/1093/1093 1091/1091/1091
f 1094/1094/1094 1093/1093/1093 1090/1090/1090
f 1092/1092/1092 1091/1091/1091 1095/1095/1095
f 1093/1093/1093 1095/1095/1095 1091/1091/1091
f 1096/1096/1096 1092/1092/1092 1095/1095/1095
f 1097/1097/1097 1093/1093/1093 1094/1094/1094
f 1095/1095/1095 1093/1093/1093 1097/1097/1097
f 1098/1098/1098 1097/1097/1097 1094/1094/1094
f 1096/1096/1096 1095/1095/1095 1099/1099/1099
f 1099/1099/1099 1095/1095/1095 1097/1097/1097
f 1100/1100/1100 1096/1096/1096 1099/1099/1099
f 1099/1099/1099 1097/1097/1097 1101/1101/1101
f 1100/1100/1100 1099/1099/1099 1102/1102/1102
f 1102/1102/1102 1099/1099/1099 1101/1101/1101
f 1101/1101/1101 1103/1103/1103 1102/1102/1102
f 1104/1104/1104 1100/1100/1100 1102/1102/1102
f 1103/1103/1103 1105/1105/1105 1102/1102/1102
f 1104/1104/1104 1102/1102/1102 1105/1105/1105
f 1106/1106/1106 1104/1104/1104 1105/1105/1105
f 1109/1109/1109 1108/1108/1108 1107/1107/1107
f 1108/1108/1108 1110/1110/1110 1107/1107/1107
f 1107/1107/1107 1110/1110/1110 1111/1111/1111
f 1110/1110/1110 1112/1112/1112 1111/1111/1111
f 1115/1115/1115 1114/1114/1114 1113/1113/1113
f 1116/1116/1116 1115/1115/1115 1113/1113/1113
f 1117/1117/1117 1115/1115/1115 1116/1116/1116
f 1118/1118/1118 1117/1117/1117 1116/1116/1116
f 1121/1121/1121 1120/1120/1120 1119/1119/1119
f 1122/1122/1122 1121/1121/1121 1119/1119/1119
f 1045/1045/1045 1124/1124/1124 1123/1123/1123
f 1125/1125/1125 1045/1045/1045 1123/1123/1123
