g Grass_03
v -0.0007584271 0.0005809782 0.000696776
v -0.0006698242 0.0007071845 0.0002674024
v -0.0007669891 0.001361048 0.0002913884
v -0.0008484089 0.001229129 0.0007475453
v -0.0009214517 0.001819386 0.0004249466
v -0.00101272 0.001689326 0.0008511635
v -0.001168838 0.002222267 0.0006476445
v -0.001233504 0.002121746 0.0009907952
v -0.001515556 0.00264327 0.000992175
v -0.001558441 0.002574666 0.001196691
v -0.001926231 0.003017416 0.001429891
v -0.001355126 0.002643811 0.001244168
v -0.001558441 0.002574666 0.001196691
v -0.001926231 0.003017416 0.001429891
v -0.0008954244 0.00222319 0.001077106
v -0.001233504 0.002121746 0.0009907952
v -0.0005881781 0.001820512 0.0009484316
v -0.00101272 0.001689326 0.0008511635
v -0.0004014498 0.00136342 0.0008665908
v -0.0008484089 0.001229129 0.0007475453
v -0.0003319923 0.0007100761 0.0007985152
v -0.0007584271 0.0005809782 0.000696776
v -0.0007591618 -0.0002087177 0.0006413827
v -0.0004173768 -0.0001567656 0.0007155045
v -0.0002566113 0.0007222114 0.0007265383
v -0.0008168102 0.001243913 0.0007273963
v -0.000542208 0.0006048259 0.0005331661
v -0.0003856742 0.001372442 0.0008422847
v -0.000982301 0.001707646 0.0008317582
v -0.0005738297 0.001832993 0.000924786
v -0.001204558 0.002142857 0.0009723216
v -0.0008828465 0.002239506 0.001054771
v -0.001534893 0.002603476 0.001181637
v -0.001344089 0.002662521 0.001222908
v -0.001902126 0.003045555 0.001414483
v -0.000542208 0.0006048259 0.0005331661
v -0.0007387113 0.00137125 0.0002877566
v -0.0005779903 0.0007211262 0.0002217367
v -0.0008168102 0.001243913 0.0007273963
v -0.0008939803 0.001831912 0.0004219142
v -0.000982301 0.001707646 0.0008317582
v -0.001143311 0.002238626 0.00064565
v -0.001204558 0.002142857 0.0009723216
v -0.001491659 0.002662023 0.0009911141
v -0.001534893 0.002603476 0.001181637
v -0.001902126 0.003045555 0.001414483
v -0.0003856742 0.001372442 0.0008422847
v -0.0002566113 0.0007222114 0.0007265383
v -0.0003319923 0.0007100761 0.0007985152
v -0.0004014498 0.00136342 0.0008665908
v -0.0005738297 0.001832993 0.000924786
v -0.0005881781 0.001820512 0.0009484316
v -0.0008828465 0.002239506 0.001054771
v -0.0008954244 0.00222319 0.001077106
v -0.001344089 0.002662521 0.001222908
v -0.001355126 0.002643811 0.001244168
v -0.001902126 0.003045555 0.001414483
v -0.001926231 0.003017416 0.001429891
v -0.0005779903 0.0007211262 0.0002217367
v -0.0007669891 0.001361048 0.0002913884
v -0.0006698242 0.0007071845 0.0002674024
v -0.0007387113 0.00137125 0.0002877566
v -0.0009214517 0.001819386 0.0004249466
v -0.0008939803 0.001831912 0.0004219142
v -0.001168838 0.002222267 0.0006476445
v -0.001143311 0.002238626 0.00064565
v -0.001515556 0.00264327 0.000992175
v -0.001491659 0.002662023 0.0009911141
v -0.001926231 0.003017416 0.001429891
v -0.001902126 0.003045555 0.001414483
v -0.000542208 0.0006048259 0.0005331661
v -0.0004802631 -0.0001915716 0.0004539745
v -0.0002391781 -0.0001472188 0.0006005413
v -0.0002566113 0.0007222114 0.0007265383
v -0.0005779903 0.0007211262 0.0002217367
v -0.0004902802 -0.0001480667 0.000206126
v -0.0004802631 -0.0001915716 0.0004539745
v -0.000542208 0.0006048259 0.0005331661
v -0.0002566113 0.0007222114 0.0007265383
v -0.0002391781 -0.0001472188 0.0006005413
v -0.0004173768 -0.0001567656 0.0007155045
v -0.0003319923 0.0007100761 0.0007985152
v -0.0006698242 0.0007071845 0.0002674024
v -0.0006815715 -0.0001576748 0.0003006797
v -0.0004902802 -0.0001480667 0.000206126
v -0.0005779903 0.0007211262 0.0002217367
v -0.0007584271 0.0005809782 0.000696776
v -0.0007591618 -0.0002087177 0.0006413827
v -0.0006815715 -0.0001576748 0.0003006797
v -0.0006698242 0.0007071845 0.0002674024
v -0.00079697 0.000311881 -0.0007861771
v -0.0004767511 0.0004540128 -0.000757276
v -0.0005652163 0.001092014 -0.0009164931
v -0.000905371 0.0009428923 -0.0009376716
v -0.0007315871 0.001537586 -0.001058523
v -0.001048922 0.001391878 -0.001089389
v -0.0009625418 0.001926399 -0.001261197
v -0.001218349 0.001813028 -0.001279639
v -0.00129309 0.002329107 -0.001532536
v -0.001444545 0.002253105 -0.001546202
v -0.001691754 0.002682746 -0.001842802
v -0.0014853 0.002314768 -0.001393105
v -0.001444545 0.002253105 -0.001546202
v -0.001691754 0.002682746 -0.001842802
v -0.001290117 0.001901962 -0.001023572
v -0.001218349 0.001813028 -0.001279639
v -0.00113088 0.001507799 -0.0007688729
v -0.001048922 0.001391878 -0.001089389
v -0.001004118 0.001060409 -0.0005988129
v -0.000905371 0.0009428923 -0.0009376716
v -0.0008820929 0.0004255112 -0.00046376
v -0.00079697 0.000311881 -0.0007861771
v -0.0007100598 -0.0001449712 -0.0007590793
v -0.0007659224 -0.0001040111 -0.0004974075
v -0.00080955 0.0004362041 -0.0004511981
v -0.0008907976 0.0009577252 -0.0009160565
v -0.0007025448 0.000327542 -0.0007324013
v -0.0009859647 0.001070091 -0.0005891164
v -0.001035409 0.001410161 -0.00106888
v -0.001113718 0.001520866 -0.0007604714
v -0.001205954 0.001834029 -0.001260392
v -0.001274509 0.001918756 -0.001016709
v -0.001435931 0.002281588 -0.001531397
v -0.001470873 0.002333886 -0.001387518
v -0.001682764 0.002710578 -0.001827548
v -0.0007025448 0.000327542 -0.0007324013
v -0.0005629938 0.001101644 -0.0008959431
v -0.0004245084 0.0004649281 -0.0007305106
v -0.0008907976 0.0009577252 -0.0009160565
v -0.0007301482 0.00154948 -0.001038716
v -0.001035409 0.001410161 -0.00106888
v -0.0009624489 0.001942035 -0.00124308
v -0.001205954 0.001834029 -0.001260392
v -0.001294071 0.002347075 -0.001515773
v -0.001435931 0.002281588 -0.001531397
v -0.001682764 0.002710578 -0.001827548
v -0.0009859647 0.001070091 -0.0005891164
v -0.00080955 0.0004362041 -0.0004511981
v -0.0008820929 0.0004255112 -0.00046376
v -0.001004118 0.001060409 -0.0005988129
v -0.001113718 0.001520866 -0.0007604714
v -0.00113088 0.001507799 -0.0007688729
v -0.001274509 0.001918756 -0.001016709
v -0.001290117 0.001901962 -0.001023572
v -0.001470873 0.002333886 -0.001387518
v -0.0014853 0.002314768 -0.001393105
v -0.001682764 0.002710578 -0.001827548
v -0.001691754 0.002682746 -0.001842802
v -0.0004245084 0.0004649281 -0.0007305106
v -0.0005652163 0.001092014 -0.0009164931
v -0.0004767511 0.0004540128 -0.000757276
v -0.0005629938 0.001101644 -0.0008959431
v -0.0007315871 0.001537586 -0.001058523
v -0.0007301482 0.00154948 -0.001038716
v -0.0009625418 0.001926399 -0.001261197
v -0.0009624489 0.001942035 -0.00124308
v -0.00129309 0.002329107 -0.001532536
v -0.001294071 0.002347075 -0.001515773
v -0.001691754 0.002682746 -0.001842802
v -0.001682764 0.002710578 -0.001827548
v -0.0007025448 0.000327542 -0.0007324013
v -0.000537843 -0.0001366472 -0.0005847233
v -0.0006656414 -9.769216E-05 -0.0003965759
v -0.00080955 0.0004362041 -0.0004511981
v -0.0004245084 0.0004649281 -0.0007305106
v -0.000364798 -7.524922E-05 -0.0006148104
v -0.000537843 -0.0001366472 -0.0005847233
v -0.0007025448 0.000327542 -0.0007324013
v -0.00080955 0.0004362041 -0.0004511981
v -0.0006656414 -9.769216E-05 -0.0003965759
v -0.0007659224 -0.0001040111 -0.0004974075
v -0.0008820929 0.0004255112 -0.00046376
v -0.0004767511 0.0004540128 -0.000757276
v -0.0004495115 -8.042201E-05 -0.0007270089
v -0.000364798 -7.524922E-05 -0.0006148104
v -0.0004245084 0.0004649281 -0.0007305106
v -0.00079697 0.000311881 -0.0007861771
v -0.0007100598 -0.0001449712 -0.0007590793
v -0.0004495115 -8.042201E-05 -0.0007270089
v -0.0004767511 0.0004540128 -0.000757276
v -0.0002222042 0.003736754 0.002091646
v -0.0003817614 0.003672831 0.00223198
v -0.0004446463 0.00431268 0.002602559
v -5.160512E-05 0.003120852 0.001685891
v -0.0003233276 0.003030402 0.001912968
v 5.447356E-05 0.002554896 0.001420752
v -0.0002778175 0.002438176 0.001713139
v 0.0001256077 0.001945108 0.001285975
v -0.0002375037 0.001824594 0.001583217
v 0.0001461018 0.001098167 0.001209935
v -0.0001909698 0.0009836818 0.001500823
v -7.153572E-05 -0.0002450721 0.001397786
v 0.0001950939 -0.0002187474 0.001167079
v -0.0003817614 0.003672831 0.00223198
v -0.0005194406 0.003722806 0.002065291
v -0.0004446463 0.00431268 0.002602559
v -0.0003233276 0.003030402 0.001912968
v -0.0005581727 0.00309708 0.001640975
v -0.0002778175 0.002438176 0.001713139
v -0.0005629987 0.002525919 0.001366002
v -0.0002375037 0.001824594 0.001583217
v -0.0005524098 0.001911755 0.001225451
v -0.0001909698 0.0009836818 0.001500823
v -0.0004801057 0.001066539 0.001154389
v -0.0002942693 -0.0002417169 0.001123774
v -7.153572E-05 -0.0002450721 0.001397786
v 0.000134556 0.001105406 0.001125438
v -0.0002345609 0.001835597 0.001544205
v -0.0001839601 0.0009990147 0.001338591
v 0.000115786 0.001950592 0.001257656
v -0.000275175 0.002453873 0.001675029
v 4.413722E-05 0.002565004 0.001393489
v -0.0003209843 0.003049933 0.001876203
v -6.217284E-05 0.003136194 0.001660297
v -0.000380397 0.003703253 0.002200492
v -0.000232982 0.003755464 0.002067592
v -0.0004431866 0.004342132 0.002570509
v -0.0001839601 0.0009990147 0.001338591
v -0.0005383029 0.001919897 0.00119966
v -0.0004608783 0.001077464 0.001072642
v -0.0002345609 0.001835597 0.001544205
v -0.0005490211 0.002537168 0.001340895
v -0.000275175 0.002453873 0.001675029
v -0.0005447476 0.003113548 0.001617508
v -0.0003209843 0.003049933 0.001876203
v -0.0005063929 0.003742634 0.002043349
v -0.000380397 0.003703253 0.002200492
v -0.0004431866 0.004342132 0.002570509
v 0.000115786 0.001950592 0.001257656
v 0.000134556 0.001105406 0.001125438
v 0.0001461018 0.001098167 0.001209935
v 0.0001256077 0.001945108 0.001285975
v 4.413722E-05 0.002565004 0.001393489
v 5.447356E-05 0.002554896 0.001420752
v -6.217284E-05 0.003136194 0.001660297
v -5.160512E-05 0.003120852 0.001685891
v -0.000232982 0.003755464 0.002067592
v -0.0002222042 0.003736754 0.002091646
v -0.0004608783 0.001077464 0.001072642
v -0.0005524098 0.001911755 0.001225451
v -0.0004801057 0.001066539 0.001154389
v -0.0005383029 0.001919897 0.00119966
v -0.0005629987 0.002525919 0.001366002
v -0.0005490211 0.002537168 0.001340895
v -0.0005581727 0.00309708 0.001640975
v -0.0005447476 0.003113548 0.001617508
v -0.0005194406 0.003722806 0.002065291
v -0.0005063929 0.003742634 0.002043349
v -0.0004446463 0.00431268 0.002602559
v -0.0004431866 0.004342132 0.002570509
v -0.0004431866 0.004342132 0.002570509
v -0.000232982 0.003755464 0.002067592
v -0.0002222042 0.003736754 0.002091646
v -0.0004446463 0.00431268 0.002602559
v -0.0001839601 0.0009990147 0.001338591
v -6.025366E-05 -0.0002268206 0.00104752
v 0.0001892663 -0.0002094702 0.0009777902
v 0.000134556 0.001105406 0.001125438
v -0.0004608783 0.001077464 0.001072642
v -0.0002759628 -0.0002313025 0.0009365396
v -6.025366E-05 -0.0002268206 0.00104752
v -0.0001839601 0.0009990147 0.001338591
v 0.000134556 0.001105406 0.001125438
v 0.0001892663 -0.0002094702 0.0009777902
v 0.0001950939 -0.0002187474 0.001167079
v 0.0001461018 0.001098167 0.001209935
v -0.0004801057 0.001066539 0.001154389
v -0.0002942693 -0.0002417169 0.001123774
v -0.0002759628 -0.0002313025 0.0009365396
v -0.0004608783 0.001077464 0.001072642
v 0.0003025622 0.0006220686 -8.416176E-05
v 0.0003757222 0.0005451834 0.0004550666
v 0.0003335364 0.001347462 0.0004531123
v 0.0002710001 0.001428451 -0.0001169635
v 0.0004250945 0.001936753 0.0005250224
v 0.0003472336 0.00201591 -1.058198E-05
v 0.0005840091 0.002509682 0.0006498349
v 0.000532533 0.002570301 0.0002201698
v 0.0008533021 0.003136875 0.0008613389
v 0.000815816 0.003182342 0.0006035072
v 0.001171602 0.003764496 0.001111333
v 0.0003757222 0.0005451834 0.0004550666
v -0.0001648735 0.0006199466 0.000511203
v -0.0002355129 0.001426977 0.0005273307
v 0.0003335364 0.001347462 0.0004531123
v -0.0001137053 0.00201591 0.0005762985
v 0.0004250945 0.001936753 0.0005250224
v 0.0001543837 0.002570301 0.0007016402
v 0.0005840091 0.002509682 0.0006498349
v 0.0005939311 0.003182343 0.0008860175
v 0.0008533021 0.003136875 0.0008613389
v 0.001171602 0.003764496 0.001111333
v 0.0001804207 0.0006253415 -0.0001246177
v 0.0002648137 0.001355725 0.000408824
v 0.0001623495 0.0005514732 0.0003460085
v 0.000235929 0.001432666 -0.0001261366
v 0.0003881659 0.001949519 0.0004960186
v 0.0003127911 0.002024581 -1.8951E-05
v 0.0005481588 0.00252616 0.0006216778
v 0.000499509 0.002584022 0.0002126682
v 0.000821892 0.003163979 0.0008366692
v 0.0007841338 0.00319934 0.0005969308
v 0.001139709 0.003790648 0.001086284
v 0.0001623495 0.0005514732 0.0003460085
v -0.000252344 0.001432666 0.0004955464
v -0.0002640671 0.0006253415 0.0004413168
v 0.0002648137 0.001355725 0.000408824
v -0.0001299976 0.002024581 0.0005448202
v 0.0003881659 0.001949519 0.0004960186
v 0.0001392702 0.002584022 0.0006713344
v 0.0005481588 0.00252616 0.0006216778
v 0.0005800344 0.00319934 0.000856796
v 0.000821892 0.003163979 0.0008366692
v 0.001139709 0.003790648 0.001086284
v 0.000235929 0.001432666 -0.0001261366
v 0.0001804207 0.0006253415 -0.0001246177
v 0.0003025622 0.0006220686 -8.416176E-05
v 0.0002710001 0.001428451 -0.0001169635
v 0.0003127911 0.002024581 -1.8951E-05
v 0.0003472336 0.00201591 -1.058198E-05
v 0.000499509 0.002584022 0.0002126682
v 0.000532533 0.002570301 0.0002201698
v 0.0007841338 0.00319934 0.0005969308
v 0.000815816 0.003182342 0.0006035072
v 0.001139709 0.003790648 0.001086284
v 0.001171602 0.003764496 0.001111333
v -0.0002640671 0.0006253415 0.0004413168
v -0.0002355129 0.001426977 0.0005273307
v -0.0001648735 0.0006199466 0.000511203
v -0.000252344 0.001432666 0.0004955464
v -0.0001137053 0.00201591 0.0005762985
v -0.0001299976 0.002024581 0.0005448202
v 0.0001543837 0.002570301 0.0007016402
v 0.0001392702 0.002584022 0.0006713344
v 0.0005939311 0.003182343 0.0008860175
v 0.0005800344 0.00319934 0.000856796
v 0.001171602 0.003764496 0.001111333
v 0.001139709 0.003790648 0.001086284
v 0.0001623495 0.0005514732 0.0003460085
v 0.0001357426 -3.897875E-05 0.0003250646
v 0.0001690786 -3.897875E-05 -3.35256E-05
v 0.0001804207 0.0006253415 -0.0001246177
v -0.0002640671 0.0006253415 0.0004413168
v -0.0001782118 -3.897875E-05 0.0004086545
v 0.0001357426 -3.897875E-05 0.0003250646
v 0.0001623495 0.0005514732 0.0003460085
v 0.0001804207 0.0006253415 -0.0001246177
v 0.0001690786 -3.897875E-05 -3.35256E-05
v 0.0004063612 -3.897875E-05 7.133741E-05
v 0.0003025622 0.0006220686 -8.416176E-05
v 0.0003025622 0.0006220686 -8.416176E-05
v 0.0004063612 -3.897875E-05 7.133741E-05
v 0.000463523 -3.897875E-05 0.0004926513
v 0.0003757222 0.0005451834 0.0004550666
v -0.0001648735 0.0006199466 0.000511203
v 4.114084E-05 -3.897875E-05 0.0005365123
v -0.0001782118 -3.897875E-05 0.0004086545
v -0.0002640671 0.0006253415 0.0004413168
v 0.0003757222 0.0005451834 0.0004550666
v 0.000463523 -3.897875E-05 0.0004926513
v 4.114084E-05 -3.897875E-05 0.0005365123
v -0.0001648735 0.0006199466 0.000511203
v -0.0004172367 0.002438833 -1.420647E-05
v -0.0005519864 0.00298322 -0.0005588179
v -0.0005692022 0.003026704 -0.0001963393
v -0.0004068107 0.002380372 -0.0004680839
v -0.0003366724 0.001818749 4.96003E-05
v -0.0003090749 0.00176067 -0.0004305991
v -0.0002549497 0.0009731826 6.577819E-06
v -0.0002403184 0.0009174606 -0.0004495154
v -0.0001871193 -0.0003202325 -0.0004510469
v -0.0001952849 -0.0003398213 -9.811681E-05
v -0.0007847262 0.003679526 -0.0005132749
v -0.0007793112 0.003643648 -0.0007321852
v -0.001041822 0.004304773 -0.0009435911
v -0.0005692022 0.003026704 -0.0001963393
v -0.0005519864 0.00298322 -0.0005588179
v -0.0007793112 0.003643648 -0.0007321852
v -0.00056584 0.003701826 -0.0007153398
v -0.001041822 0.004304773 -0.0009435911
v -0.0005519864 0.00298322 -0.0005588179
v -0.0001961635 0.003064706 -0.00054071
v -0.0004068107 0.002380372 -0.0004680839
v 3.747273E-05 0.002485156 -0.0004339715
v -0.0003090749 0.00176067 -0.0004305991
v 0.0001629952 0.001868072 -0.0004112499
v -0.0002403184 0.0009174606 -0.0004495154
v 0.0002063119 0.00101794 -0.0004193988
v 0.0001650213 -0.0003031087 -0.0004308494
v -0.0001871193 -0.0003202325 -0.0004510469
v -0.0001848385 0.0009774029 5.548645E-05
v -0.0002825874 0.001769163 -0.0004009694
v -0.000125275 0.0009233026 -0.0003340404
v -0.0003093371 0.001823943 6.202169E-05
v -0.0003810079 0.002393601 -0.0004386733
v -0.0003905541 0.002448728 -2.273507E-06
v -0.0005271591 0.003000354 -0.0005300328
v -0.0005438442 0.0030419 -0.0001850176
v -0.000125275 0.0009233026 -0.0003340404
v 0.0001723369 0.001873013 -0.0003826358
v 0.0002536422 0.001022073 -0.000349297
v -0.0002825874 0.001769163 -0.0004009694
v 4.625041E-05 0.002493227 -0.0004055096
v -0.0003810079 0.002393601 -0.0004386733
v -0.000188474 0.003078103 -0.0005130777
v -0.0005271591 0.003000354 -0.0005300328
v -0.000559185 0.003718678 -0.000688571
v -0.0007582475 0.00367197 -0.0007062426
v -0.00102036 0.004332093 -0.0009173277
v -0.000760526 0.003698166 -0.000502703
v -0.00102036 0.004332093 -0.0009173277
v -0.0007582475 0.00367197 -0.0007062426
v -0.0005438442 0.0030419 -0.0001850176
v -0.0005271591 0.003000354 -0.0005300328
v -0.0003093371 0.001823943 6.202169E-05
v -0.0001848385 0.0009774029 5.548645E-05
v -0.0002549497 0.0009731826 6.577819E-06
v -0.0003366724 0.001818749 4.96003E-05
v -0.0003905541 0.002448728 -2.273507E-06
v -0.0004172367 0.002438833 -1.420647E-05
v -0.0005438442 0.0030419 -0.0001850176
v -0.0005692022 0.003026704 -0.0001963393
v -0.000760526 0.003698166 -0.000502703
v -0.0007847262 0.003679526 -0.0005132749
v -0.00102036 0.004332093 -0.0009173277
v -0.001041822 0.004304773 -0.0009435911
v 0.0002536422 0.001022073 -0.000349297
v 0.0001629952 0.001868072 -0.0004112499
v 0.0002063119 0.00101794 -0.0004193988
v 0.0001723369 0.001873013 -0.0003826358
v 3.747273E-05 0.002485156 -0.0004339715
v 4.625041E-05 0.002493227 -0.0004055096
v -0.0001961635 0.003064706 -0.00054071
v -0.000188474 0.003078103 -0.0005130777
v -0.00056584 0.003701826 -0.0007153398
v -0.000559185 0.003718678 -0.000688571
v -0.001041822 0.004304773 -0.0009435911
v -0.00102036 0.004332093 -0.0009173277
v -0.000125275 0.0009233026 -0.0003340404
v 6.452221E-05 -0.0003218478 -0.0002064642
v -5.129632E-05 -0.0003397706 2.524331E-05
v -0.0001848385 0.0009774029 5.548645E-05
v 0.0002536422 0.001022073 -0.000349297
v 0.0002913005 -0.0003048688 -0.0002910251
v 6.452221E-05 -0.0003218478 -0.0002064642
v -0.000125275 0.0009233026 -0.0003340404
v -0.0001848385 0.0009774029 5.548645E-05
v -5.129632E-05 -0.0003397706 2.524331E-05
v -0.0001952849 -0.0003398213 -9.811681E-05
v -0.0002549497 0.0009731826 6.577819E-06
v 0.0002063119 0.00101794 -0.0004193988
v 0.0001650213 -0.0003031087 -0.0004308494
v 0.0002913005 -0.0003048688 -0.0002910251
v 0.0002536422 0.001022073 -0.000349297
v 0.002006633 0.002138676 -0.0004728936
v 0.002114306 0.002085761 -0.000407712
v 0.002682363 0.002215747 -0.0005421503
v 0.001455412 0.001781248 -0.0004114284
v 0.001632628 0.001707358 -0.0002994706
v 0.001235912 0.001301988 -0.0003958911
v 0.00146134 0.001205832 -0.0002610121
v 0.001099838 0.0007817627 -0.0003804727
v 0.001332826 0.0006835661 -0.0002298856
v 0.001048219 0.0002590504 -0.0003268905
v 0.001273613 0.0001650825 -0.0001893605
v 0.001239008 -0.0001895203 -0.0001667352
v 0.001055989 -0.0001701736 -0.0002721126
v 0.002114306 0.002085761 -0.000407712
v 0.002035629 0.002141198 -0.0003108675
v 0.002682363 0.002215747 -0.0005421503
v 0.001632628 0.001707358 -0.0002994706
v 0.00150483 0.001785545 -0.0001352941
v 0.00146134 0.001205832 -0.0002610121
v 0.001296148 0.001307226 -5.930172E-05
v 0.001332826 0.0006835661 -0.0002298856
v 0.001165624 0.0007862151 -1.073539E-05
v 0.001273613 0.0001650825 -0.0001893605
v 0.001109142 0.0002624442 1.457969E-05
v 0.001103781 -0.0001660295 -5.36995E-06
v 0.001239008 -0.0001895203 -0.0001667352
v 0.0009823845 0.000267057 -0.0003086751
v 0.001308887 0.0006943548 -0.0002257695
v 0.001126272 0.0001794745 -0.000161232
v 0.001084154 0.0007879924 -0.0003710359
v 0.001438326 0.00122062 -0.0002571236
v 0.001221277 0.001312161 -0.0003865896
v 0.001610756 0.00172539 -0.0002958369
v 0.001442204 0.001795848 -0.0004025415
v 0.0020966 0.002112962 -0.0004049666
v 0.001994642 0.002156112 -0.0004643157
v 0.002664228 0.002242134 -0.0005393155
v 0.001126272 0.0001794745 -0.000161232
v 0.001147963 0.0007935411 -1.448644E-05
v 0.001040471 0.000272108 1.590118E-05
v 0.001308887 0.0006943548 -0.0002257695
v 0.001279141 0.001317192 -6.325403E-05
v 0.001438326 0.00122062 -0.0002571236
v 0.001489281 0.001799942 -0.0001394859
v 0.001610756 0.00172539 -0.0002958369
v 0.002021314 0.002158431 -0.0003152771
v 0.0020966 0.002112962 -0.0004049666
v 0.002664228 0.002242134 -0.0005393155
v 0.001084154 0.0007879924 -0.0003710359
v 0.0009823845 0.000267057 -0.0003086751
v 0.001048219 0.0002590504 -0.0003268905
v 0.001099838 0.0007817627 -0.0003804727
v 0.001221277 0.001312161 -0.0003865896
v 0.001235912 0.001301988 -0.0003958911
v 0.001442204 0.001795848 -0.0004025415
v 0.001455412 0.001781248 -0.0004114284
v 0.001994642 0.002156112 -0.0004643157
v 0.002006633 0.002138676 -0.0004728936
v 0.002664228 0.002242134 -0.0005393155
v 0.002682363 0.002215747 -0.0005421503
v 0.001040471 0.000272108 1.590118E-05
v 0.001165624 0.0007862151 -1.073539E-05
v 0.001109142 0.0002624442 1.457969E-05
v 0.001147963 0.0007935411 -1.448644E-05
v 0.001296148 0.001307226 -5.930172E-05
v 0.001279141 0.001317192 -6.325403E-05
v 0.00150483 0.001785545 -0.0001352941
v 0.001489281 0.001799942 -0.0001394859
v 0.002035629 0.002141198 -0.0003108675
v 0.002021314 0.002158431 -0.0003152771
v 0.002682363 0.002215747 -0.0005421503
v 0.002664228 0.002242134 -0.0005393155
v 0.001126272 0.0001794745 -0.000161232
v 0.0009378635 -0.0001750971 -0.0001159234
v 0.0008687326 -0.0001612428 -0.0002287649
v 0.0009823845 0.000267057 -0.0003086751
v 0.001040471 0.000272108 1.590118E-05
v 0.000914117 -0.0001572961 2.483548E-05
v 0.0009378635 -0.0001750971 -0.0001159234
v 0.001126272 0.0001794745 -0.000161232
v 0.0009823845 0.000267057 -0.0003086751
v 0.0008687326 -0.0001612428 -0.0002287649
v 0.001055989 -0.0001701736 -0.0002721126
v 0.001048219 0.0002590504 -0.0003268905
v 0.001109142 0.0002624442 1.457969E-05
v 0.001103781 -0.0001660295 -5.36995E-06
v 0.000914117 -0.0001572961 2.483548E-05
v 0.001040471 0.000272108 1.590118E-05
v -0.0001118384 0.0009079355 0.000487066
v -0.0004165944 0.0008787657 0.0001477482
v -0.0004556146 0.001542252 0.0002164663
v -0.0001435547 0.00157207 0.0005821274
v -0.0005539262 0.002029829 0.0002625096
v -0.0002476738 0.002061381 0.0005973532
v -0.0007232812 0.002504095 0.0003027607
v -0.0004851102 0.002526448 0.0005762812
v -0.001009287 0.003023592 0.0003406686
v -0.0008618796 0.003044868 0.0005025038
v -0.001347017 0.0035436 0.0003754497
v -0.001009287 0.003023592 0.0003406686
v -0.0008436425 0.003076543 0.00020602
v -0.001347017 0.0035436 0.0003754497
v -0.0007232812 0.002504095 0.0003027607
v -0.0004540293 0.00258043 7.099602E-05
v -0.0005539262 0.002029829 0.0002625096
v -0.0002097883 0.002127182 -1.855586E-05
v -0.0004556146 0.001542252 0.0002164663
v -0.0001016297 0.001643114 -9.439118E-05
v -0.0004165944 0.0008787657 0.0001477482
v -7.35132E-05 0.0009729242 -0.0001378557
v -0.0001074121 -7.235885E-05 -0.0001295769
v -0.0003756374 -9.762496E-05 9.872342E-05
v -2.738811E-05 0.0009121935 0.00047397
v -0.0004160157 0.001548962 0.0002196191
v -0.0002536557 0.0008837877 0.000151635
v -0.0001152372 0.001576744 0.0005722627
v -0.0005149871 0.002040265 0.0002660197
v -0.0002201792 0.002069764 0.0005876295
v -0.0006854907 0.002517604 0.0003065285
v -0.0004590104 0.002538994 0.0005670791
v -0.0009762134 0.003045901 0.0003450865
v -0.0008371444 0.003060119 0.0004935915
v -0.001313431 0.003565121 0.0003798148
v -0.0002536557 0.0008837877 0.000151635
v -7.510505E-05 0.001646447 -8.017029E-05
v 9.145289E-06 0.0009756459 -0.000119957
v -0.0004160157 0.001548962 0.0002196191
v -0.0001837854 0.002132973 -4.027188E-06
v -0.0005149871 0.002040265 0.0002660197
v -0.0004294016 0.002590419 8.572597E-05
v -0.0006854907 0.002517604 0.0003065285
v -0.0008203691 0.003089254 0.0002208727
v -0.0009762134 0.003045901 0.0003450865
v -0.001313431 0.003565121 0.0003798148
v -0.0001152372 0.001576744 0.0005722627
v -2.738811E-05 0.0009121935 0.00047397
v -0.0001118384 0.0009079355 0.000487066
v -0.0001435547 0.00157207 0.0005821274
v -0.0002201792 0.002069764 0.0005876295
v -0.0002476738 0.002061381 0.0005973532
v -0.0004590104 0.002538994 0.0005670791
v -0.0004851102 0.002526448 0.0005762812
v -0.0008371444 0.003060119 0.0004935915
v -0.0008618796 0.003044868 0.0005025038
v -0.001313431 0.003565121 0.0003798148
v -0.001347017 0.0035436 0.0003754497
v 9.145289E-06 0.0009756459 -0.000119957
v -0.0001016297 0.001643114 -9.439118E-05
v -7.35132E-05 0.0009729242 -0.0001378557
v -7.510505E-05 0.001646447 -8.017029E-05
v -0.0002097883 0.002127182 -1.855586E-05
v -0.0001837854 0.002132973 -4.027188E-06
v -0.0004540293 0.00258043 7.099602E-05
v -0.0004294016 0.002590419 8.572597E-05
v -0.0008436425 0.003076543 0.00020602
v -0.0008203691 0.003089254 0.0002208727
v -0.001347017 0.0035436 0.0003754497
v -0.001313431 0.003565121 0.0003798148
v -0.0002536557 0.0008837877 0.000151635
v -2.472535E-05 -9.776487E-05 0.000101327
v 5.196091E-05 -0.0001232947 0.0003480877
v -2.738811E-05 0.0009121935 0.00047397
v 9.145289E-06 0.0009756459 -0.000119957
v 8.050542E-05 -7.371754E-05 -0.0001159637
v -2.472535E-05 -9.776487E-05 0.000101327
v -0.0002536557 0.0008837877 0.000151635
v -2.738811E-05 0.0009121935 0.00047397
v 5.196091E-05 -0.0001232947 0.0003480877
v -0.000137352 -0.0001245074 0.0003585454
v -0.0001118384 0.0009079355 0.000487066
v -0.0001118384 0.0009079355 0.000487066
v -0.000137352 -0.0001245074 0.0003585454
v -0.0003756374 -9.762496E-05 9.872342E-05
v -0.0004165944 0.0008787657 0.0001477482
v -7.35132E-05 0.0009729242 -0.0001378557
v -0.0001074121 -7.235885E-05 -0.0001295769
v 8.050542E-05 -7.371754E-05 -0.0001159637
v 9.145289E-06 0.0009756459 -0.000119957
v 0.0008502125 0.0002248353 2.930149E-05
v 0.001009838 0.0001552945 0.0005112063
v 0.001113454 0.0008737059 0.0004959436
v 0.0009829631 0.0009451953 -8.54034E-06
v 0.00127325 0.001394354 0.0005267456
v 0.001134025 0.001466556 5.542151E-05
v 0.001498834 0.00189307 0.0005957745
v 0.001396576 0.001947089 0.0002161879
v 0.001841553 0.002428828 0.0007246408
v 0.001775375 0.002470212 0.0004974988
v 0.002233557 0.002959729 0.0008808931
v 0.001009838 0.0001552945 0.0005112063
v 0.0005225866 0.0002878778 0.0006302949
v 0.0006279185 0.001014238 0.0006419121
v 0.001113454 0.0008737059 0.0004959436
v 0.0008111627 0.001530603 0.0006478017
v 0.00127325 0.001394354 0.0005267456
v 0.001131703 0.001999632 0.0007021702
v 0.001498834 0.00189307 0.0005957745
v 0.001619957 0.002501042 0.0007826565
v 0.001841553 0.002428828 0.0007246408
v 0.002233557 0.002959729 0.0008808931
v 0.0008089269 0.000232965 2.548028E-05
v 0.001076689 0.0008851583 0.0004746674
v 0.000844099 0.0001661213 0.0004159542
v 0.0009509288 0.0009530258 -1.183633E-05
v 0.001237619 0.001409794 0.0005056562
v 0.001103181 0.001478334 5.260095E-05
v 0.001464713 0.001911736 0.0005751595
v 0.001367701 0.001963258 0.0002137647
v 0.001813116 0.002456583 0.0007061409
v 0.001748207 0.002489185 0.0004955971
v 0.002204525 0.00298668 0.0008621562
v 0.000844099 0.0001661213 0.0004159542
v 0.0006089203 0.00102087 0.0006156726
v 0.0004975876 0.0002947258 0.0005967182
v 0.001076689 0.0008851583 0.0004746674
v 0.0007930316 0.001539859 0.0006216553
v 0.001237619 0.001409794 0.0005056562
v 0.001115373 0.002013312 0.0006767292
v 0.001464713 0.001911736 0.0005751595
v 0.001605246 0.002517544 0.0007578976
v 0.001813116 0.002456583 0.0007061409
v 0.002204525 0.00298668 0.0008621562
v 0.0009509288 0.0009530258 -1.183633E-05
v 0.0008089269 0.000232965 2.548028E-05
v 0.0008502125 0.0002248353 2.930149E-05
v 0.0009829631 0.0009451953 -8.54034E-06
v 0.001103181 0.001478334 5.260095E-05
v 0.001134025 0.001466556 5.542151E-05
v 0.001367701 0.001963258 0.0002137647
v 0.001396576 0.001947089 0.0002161879
v 0.001748207 0.002489185 0.0004955971
v 0.001775375 0.002470212 0.0004974988
v 0.002204525 0.00298668 0.0008621562
v 0.002233557 0.002959729 0.0008808931
v 0.0004975876 0.0002947258 0.0005967182
v 0.0006279185 0.001014238 0.0006419121
v 0.0005225866 0.0002878778 0.0006302949
v 0.0006089203 0.00102087 0.0006156726
v 0.0008111627 0.001530603 0.0006478017
v 0.0007930316 0.001539859 0.0006216553
v 0.001131703 0.001999632 0.0007021702
v 0.001115373 0.002013312 0.0006767292
v 0.001619957 0.002501042 0.0007826565
v 0.001605246 0.002517544 0.0007578976
v 0.002233557 0.002959729 0.0008808931
v 0.002204525 0.00298668 0.0008621562
v 0.000844099 0.0001661213 0.0004159542
v 0.0006441827 -0.0003625187 0.0003557324
v 0.0006464249 -0.0003622432 0.0001029976
v 0.0008089269 0.000232965 2.548028E-05
v 0.0004975876 0.0002947258 0.0005967182
v 0.000403167 -0.0003139879 0.0005493215
v 0.0006441827 -0.0003625187 0.0003557324
v 0.000844099 0.0001661213 0.0004159542
v 0.0008089269 0.000232965 2.548028E-05
v 0.0006464249 -0.0003622432 0.0001029976
v 0.0008913925 -0.0003662929 0.0001796492
v 0.0008502125 0.0002248353 2.930149E-05
v 0.0008502125 0.0002248353 2.930149E-05
v 0.0008913925 -0.0003662929 0.0001796492
v 0.001004445 -0.0003665538 0.000548835
v 0.001009838 0.0001552945 0.0005112063
v 0.0005225866 0.0002878778 0.0006302949
v 0.0006356002 -0.0003155436 0.0006491644
v 0.000403167 -0.0003139879 0.0005493215
v 0.0004975876 0.0002947258 0.0005967182
v 0.001009838 0.0001552945 0.0005112063
v 0.001004445 -0.0003665538 0.000548835
v 0.0006356002 -0.0003155436 0.0006491644
v 0.0005225866 0.0002878778 0.0006302949
v -0.0010092 0.0006034156 0.000370775
v -0.001454882 0.0004862472 3.667967E-05
v -0.001453958 0.001139628 1.402642E-05
v -0.001141491 0.001261848 0.0003798931
v -0.001607726 0.001608744 2.544662E-06
v -0.001317505 0.00172791 0.0003319041
v -0.001846584 0.002053394 -1.897893E-05
v -0.001620863 0.002145578 0.0002504482
v -0.002207432 0.002524555 -4.911722E-05
v -0.002068661 0.002587968 0.0001092932
v -0.002619419 0.002988046 -8.26441E-05
v -0.002207432 0.002524555 -4.911722E-05
v -0.002048384 0.002584435 -0.0001887252
v -0.002619419 0.002988046 -8.26441E-05
v -0.001846584 0.002053394 -1.897893E-05
v -0.001586305 0.002139557 -0.0002574521
v -0.001607726 0.001608744 2.544662E-06
v -0.00127538 0.001720571 -0.0002871927
v -0.001453958 0.001139628 1.402642E-05
v -0.001094731 0.001252625 -0.0002999678
v -0.001454882 0.0004862472 3.667967E-05
v -0.001123 0.000594211 -0.0002571543
v -0.001226514 4.882038E-05 -0.000178413
v -0.001493286 1.24529E-05 5.009076E-05
v -0.0009737804 0.00061138 0.0003573968
v -0.001398911 0.001152561 2.216077E-05
v -0.001197302 0.0004993544 4.011096E-05
v -0.001113959 0.001269448 0.0003696327
v -0.001570863 0.001625277 4.85685E-06
v -0.001291341 0.001739041 0.0003213052
v -0.001811319 0.002072799 -1.680954E-05
v -0.001596709 0.002160646 0.0002398277
v -0.002178154 0.002551962 -4.745001E-05
v -0.002046265 0.00260552 9.86079E-05
v -0.002589515 0.00301475 -8.092604E-05
v -0.001197302 0.0004993544 4.011096E-05
v -0.001069337 0.001261674 -0.000286177
v -0.0009331596 0.0006043025 -0.0002396041
v -0.001398911 0.001152561 2.216077E-05
v -0.001250875 0.00173199 -0.0002734136
v -0.001570863 0.001625277 4.85685E-06
v -0.001563788 0.00215491 -0.0002440167
v -0.001811319 0.002072799 -1.680954E-05
v -0.002027613 0.002602271 -0.0001755223
v -0.002178154 0.002551962 -4.745001E-05
v -0.002589515 0.00301475 -8.092604E-05
v -0.001113959 0.001269448 0.0003696327
v -0.0009737804 0.00061138 0.0003573968
v -0.0010092 0.0006034156 0.000370775
v -0.001141491 0.001261848 0.0003798931
v -0.001291341 0.001739041 0.0003213052
v -0.001317505 0.00172791 0.0003319041
v -0.001596709 0.002160646 0.0002398277
v -0.001620863 0.002145578 0.0002504482
v -0.002046265 0.00260552 9.86079E-05
v -0.002068661 0.002587968 0.0001092932
v -0.002589515 0.00301475 -8.092604E-05
v -0.002619419 0.002988046 -8.26441E-05
v -0.0009331596 0.0006043025 -0.0002396041
v -0.001094731 0.001252625 -0.0002999678
v -0.001123 0.000594211 -0.0002571543
v -0.001069337 0.001261674 -0.000286177
v -0.00127538 0.001720571 -0.0002871927
v -0.001250875 0.00173199 -0.0002734136
v -0.001586305 0.002139557 -0.0002574521
v -0.001563788 0.00215491 -0.0002440167
v -0.002048384 0.002584435 -0.0001887252
v -0.002027613 0.002602271 -0.0001755223
v -0.002619419 0.002988046 -8.26441E-05
v -0.002589515 0.00301475 -8.092604E-05
v -0.001197302 0.0004993544 4.011096E-05
v -0.001015402 1.86567E-05 5.286231E-05
v -0.0009232668 5.877212E-05 0.0003018303
v -0.0009737804 0.00061138 0.0003573968
v -0.0009331596 0.0006043025 -0.0002396041
v -0.0008915286 5.32423E-05 -0.0001646228
v -0.001015402 1.86567E-05 5.286231E-05
v -0.001197302 0.0004993544 4.011096E-05
v -0.0009737804 0.00061138 0.0003573968
v -0.0009232668 5.877212E-05 0.0003018303
v -0.001259814 5.465001E-05 0.000312236
v -0.0010092 0.0006034156 0.000370775
v -0.0010092 0.0006034156 0.000370775
v -0.001259814 5.465001E-05 0.000312236
v -0.001493286 1.24529E-05 5.009076E-05
v -0.001454882 0.0004862472 3.667967E-05
v -0.001123 0.000594211 -0.0002571543
v -0.001226514 4.882038E-05 -0.000178413
v -0.0008915286 5.32423E-05 -0.0001646228
v -0.0009331596 0.0006043025 -0.0002396041
v 0.0006237373 0.0002738373 0.001252205
v 0.0002412596 0.0004104826 0.00104441
v 0.0002169139 0.001060269 0.001119192
v 0.0006269666 0.0009172559 0.001327795
v 0.0003109564 0.001515239 0.00130874
v 0.0006895532 0.001374819 0.001518151
v 0.0004622172 0.00191261 0.001612589
v 0.0007696696 0.001803744 0.001772776
v 0.0007018687 0.00232514 0.002046805
v 0.0008836511 0.002251567 0.002146376
v 0.001011168 0.002688565 0.002568812
v 0.0009893681 0.002319487 0.001965868
v 0.0008836511 0.002251567 0.002146376
v 0.001011168 0.002688565 0.002568812
v 0.0009521904 0.001902975 0.001474652
v 0.0007696696 0.001803744 0.001772776
v 0.0009082013 0.001503495 0.001140604
v 0.0006895532 0.001374819 0.001518151
v 0.0008729995 0.0010485 0.0009350844
v 0.0006269666 0.0009172559 0.001327795
v 0.0008471623 0.0004003166 0.0008741207
v 0.0006237373 0.0002738373 0.001252205
v 0.0005844901 -0.000191946 0.001267946
v 0.0007552509 -0.0001418959 0.0009624206
v 0.0007656728 0.0004108747 0.0007516269
v 0.000617142 0.0009325217 0.00129183
v 0.000517853 0.000289994 0.0009658937
v 0.000854496 0.001058109 0.0009130317
v 0.0006801829 0.001393601 0.001483555
v 0.0008899996 0.001516548 0.001120132
v 0.0007608318 0.001825294 0.001739878
v 0.000934822 0.001919829 0.00145628
v 0.0008767107 0.002280731 0.002119685
v 0.0009726409 0.002338708 0.001949297
v 0.001004034 0.002717066 0.002541481
v 0.000517853 0.000289994 0.0009658937
v 0.000221834 0.00107055 0.001091138
v 0.0001897439 0.0004221997 0.0009137621
v 0.000617142 0.0009325217 0.00129183
v 0.0003162721 0.00152783 0.001281648
v 0.0006801829 0.001393601 0.001483555
v 0.0004680556 0.001929007 0.001587684
v 0.0007608318 0.001825294 0.001739878
v 0.0007081866 0.002343908 0.002023746
v 0.0008767107 0.002280731 0.002119685
v 0.001004034 0.002717066 0.002541481
v 0.000854496 0.001058109 0.0009130317
v 0.0007656728 0.0004108747 0.0007516269
v 0.0008471623 0.0004003166 0.0008741207
v 0.0008729995 0.0010485 0.0009350844
v 0.0008899996 0.001516548 0.001120132
v 0.0009082013 0.001503495 0.001140604
v 0.000934822 0.001919829 0.00145628
v 0.0009521904 0.001902975 0.001474652
v 0.0009726409 0.002338708 0.001949297
v 0.0009893681 0.002319487 0.001965868
v 0.001004034 0.002717066 0.002541481
v 0.001011168 0.002688565 0.002568812
v 0.0001897439 0.0004221997 0.0009137621
v 0.000221834 0.00107055 0.001091138
v 0.0002169139 0.001060269 0.001119192
v 0.0002412596 0.0004104826 0.00104441
v 0.0002127963 -0.0001268746 0.0007946037
v 0.0002819476 -0.0001326068 0.001095751
v 0.0003162721 0.00152783 0.001281648
v 0.0004680556 0.001929007 0.001587684
v 0.0004622172 0.00191261 0.001612589
v 0.0003109564 0.001515239 0.00130874
v 0.000221834 0.00107055 0.001091138
v 0.0002169139 0.001060269 0.001119192
v 0.0007081866 0.002343908 0.002023746
v 0.001004034 0.002717066 0.002541481
v 0.001011168 0.002688565 0.002568812
v 0.0007018687 0.00232514 0.002046805
v 0.0004680556 0.001929007 0.001587684
v 0.0004622172 0.00191261 0.001612589
v 0.000517853 0.000289994 0.0009658937
v 0.0004561318 -0.0001833129 0.000777585
v 0.0006263123 -0.0001357232 0.0006371924
v 0.0007656728 0.0004108747 0.0007516269
v 0.0001897439 0.0004221997 0.0009137621
v 0.0002127963 -0.0001268746 0.0007946037
v 0.0004561318 -0.0001833129 0.000777585
v 0.000517853 0.000289994 0.0009658937
v 0.0007656728 0.0004108747 0.0007516269
v 0.0006263123 -0.0001357232 0.0006371924
v 0.0007552509 -0.0001418959 0.0009624206
v 0.0008471623 0.0004003166 0.0008741207
v 0.0006237373 0.0002738373 0.001252205
v 0.0005844901 -0.000191946 0.001267946
v 0.0002819476 -0.0001326068 0.001095751
v 0.0002412596 0.0004104826 0.00104441
v -0.0002389983 0.0006220686 -0.001002359
v 0.000216748 0.0005451834 -0.001299705
v 0.0002330745 0.001347462 -0.001260758
v -0.0002550944 0.001428451 -0.0009597791
v 0.0002587699 0.001936753 -0.001374308
v -0.0001916866 0.00201591 -0.001074269
v 0.0003033685 0.002509682 -0.001571395
v -6.270107E-05 0.002570301 -0.001340624
v 0.0003789444 0.003136875 -0.001905372
v 0.0001621038 0.003182342 -0.001760933
v 0.0004682736 0.003764496 -0.002300127
v 0.000216748 0.0005451834 -0.001299705
v 0.0004993025 0.0006199466 -0.0008354231
v 0.0005441664 0.001426977 -0.0007785264
v 0.0002330745 0.001347462 -0.001260758
v 0.0005361633 0.00201591 -0.000909564
v 0.0002587699 0.001936753 -0.001374308
v 0.0005344192 0.002570301 -0.001205502
v 0.0003033685 0.002509682 -0.001571395
v 0.0005124733 0.003182343 -0.001681648
v 0.0003789444 0.003136875 -0.001905372
v 0.0004682736 0.003764496 -0.002300127
v -0.0002231627 0.0006253415 -0.00087467
v 0.0002225387 0.001355725 -0.001179682
v 0.0002097363 0.0005514732 -0.00106018
v -0.0002483404 0.001432666 -0.000924163
v 0.0002484061 0.001949519 -0.001328509
v -0.0001844757 0.002024581 -0.001039566
v 0.0002933073 0.00252616 -0.001526933
v -5.531497E-05 0.002584022 -0.001307574
v 0.0003701293 0.003163979 -0.001866417
v 0.0001697503 0.00319934 -0.001729492
v 0.0004593231 0.003790648 -0.002260574
v 0.0002097363 0.0005514732 -0.00106018
v 0.0005226717 0.001432666 -0.0007496905
v 0.0004787101 0.0006253415 -0.0007158431
v 0.0002225387 0.001355725 -0.001179682
v 0.000514714 0.002024581 -0.0008813462
v 0.0002484061 0.001949519 -0.001328509
v 0.0005135236 0.002584022 -0.001178852
v 0.0002933073 0.00252616 -0.001526933
v 0.0004920354 0.00319934 -0.001656562
v 0.0003701293 0.003163979 -0.001866417
v 0.0004593231 0.003790648 -0.002260574
v -0.0002483404 0.001432666 -0.000924163
v -0.0002231627 0.0006253415 -0.00087467
v -0.0002389983 0.0006220686 -0.001002359
v -0.0002550944 0.001428451 -0.0009597791
v -0.0001844757 0.002024581 -0.001039566
v -0.0001916866 0.00201591 -0.001074269
v -5.531497E-05 0.002584022 -0.001307574
v -6.270107E-05 0.002570301 -0.001340624
v 0.0001697503 0.00319934 -0.001729492
v 0.0001621038 0.003182342 -0.001760933
v 0.0004787101 0.0006253415 -0.0007158431
v 0.0005441664 0.001426977 -0.0007785264
v 0.0004993025 0.0006199466 -0.0008354231
v 0.0005226717 0.001432666 -0.0007496905
v 0.0005361633 0.00201591 -0.000909564
v 0.000514714 0.002024581 -0.0008813462
v 0.0005344192 0.002570301 -0.001205502
v 0.0005135236 0.002584022 -0.001178852
v 0.0005124733 0.003182343 -0.001681648
v 0.0004920354 0.00319934 -0.001656562
v 0.0004682736 0.003764496 -0.002300127
v 0.0004593231 0.003790648 -0.002260574
v 0.0004593231 0.003790648 -0.002260574
v 0.0001697503 0.00319934 -0.001729492
v 0.0001621038 0.003182342 -0.001760933
v 0.0004682736 0.003764496 -0.002300127
v 0.0002097363 0.0005514732 -0.00106018
v 0.0002022271 -3.897875E-05 -0.001027162
v -0.0001360087 -3.897875E-05 -0.00090349
v -0.0002231627 0.0006253415 -0.00087467
v 0.0004787101 0.0006253415 -0.0007158431
v 0.0004123836 -3.897875E-05 -0.0007793942
v 0.0002022271 -3.897875E-05 -0.001027162
v 0.0002097363 0.0005514732 -0.00106018
v -0.0002231627 0.0006253415 -0.00087467
v -0.0001360087 -3.897875E-05 -0.00090349
v -0.0001430409 -3.897875E-05 -0.001162816
v -0.0002389983 0.0006220686 -0.001002359
v -0.0002389983 0.0006220686 -0.001002359
v -0.0001430409 -3.897875E-05 -0.001162816
v 0.0002130462 -3.897875E-05 -0.001395141
v 0.000216748 0.0005451834 -0.001299705
v 0.0004993025 0.0006199466 -0.0008354231
v 0.0004338137 -3.897875E-05 -0.001032384
v 0.0004123836 -3.897875E-05 -0.0007793942
v 0.0004787101 0.0006253415 -0.0007158431
v 0.000216748 0.0005451834 -0.001299705
v 0.0002130462 -3.897875E-05 -0.001395141
v 0.0004338137 -3.897875E-05 -0.001032384
v 0.0004993025 0.0006199466 -0.0008354231
v 9.425111E-05 0.0003308145 -0.0003219611
v 0.0005883431 0.0001746122 -0.0001530794
v 0.0007594422 0.0009281537 -0.0003126108
v 0.0002425313 0.001089415 -0.0005042331
v 0.0009804661 0.001459371 -0.000466949
v 0.0004883436 0.001618445 -0.0006305768
v 0.001270511 0.001952237 -0.0006565434
v 0.000879214 0.002074431 -0.0007970448
v 0.001690528 0.002459597 -0.0009180214
v 0.001455157 0.002543196 -0.0009980657
v 0.002163328 0.002950817 -0.001207297
v 0.0005883431 0.0001746122 -0.0001530794
v 0.0004531051 0.0003704352 0.0003361874
v 0.0006308024 0.001133237 0.0002084479
v 0.0007594422 0.0009281537 -0.0003126108
v 0.0008424577 0.001659537 1.797445E-05
v 0.0009804661 0.001459371 -0.000466949
v 0.001169725 0.002108142 -0.0002649803
v 0.001270511 0.001952237 -0.0006565434
v 0.00162562 0.002562977 -0.0006858688
v 0.001690528 0.002459597 -0.0009180214
v 0.002163328 0.002950817 -0.001207297
v 3.493637E-05 0.0003462382 -0.0002872956
v 0.0006642038 0.000948712 -0.0002422303
v 0.0003985982 0.0001969732 -6.414115E-05
v 0.00022215 0.00110306 -0.0004776187
v 0.0009434143 0.001484018 -0.00044828
v 0.0004698428 0.00163609 -0.0006049663
v 0.001235391 0.00198006 -0.0006391302
v 0.000863068 0.002096445 -0.0007732165
v 0.001662392 0.002496057 -0.0009049691
v 0.001441021 0.002567898 -0.0009756193
v 0.002134475 0.002986532 -0.001193806
v 0.0003985982 0.0001969732 -6.414115E-05
v 0.0005972634 0.001146588 0.0002093922
v 0.000376412 0.0003858629 0.0003381085
v 0.0006642038 0.000948712 -0.0002422303
v 0.0008100131 0.001675564 1.804717E-05
v 0.0009434143 0.001484018 -0.00044828
v 0.00113982 0.002128559 -0.0002663525
v 0.001235391 0.00198006 -0.0006391302
v 0.001597819 0.002586093 -0.000688447
v 0.001662392 0.002496057 -0.0009049691
v 0.002134475 0.002986532 -0.001193806
v 0.00022215 0.00110306 -0.0004776187
v 3.493637E-05 0.0003462382 -0.0002872956
v 9.425111E-05 0.0003308145 -0.0003219611
v 0.0002425313 0.001089415 -0.0005042331
v 0.0004698428 0.00163609 -0.0006049663
v 0.0004883436 0.001618445 -0.0006305768
v 0.000863068 0.002096445 -0.0007732165
v 0.000879214 0.002074431 -0.0007970448
v 0.001441021 0.002567898 -0.0009756193
v 0.001455157 0.002543196 -0.0009980657
v 0.002134475 0.002986532 -0.001193806
v 0.002163328 0.002950817 -0.001207297
v 0.000376412 0.0003858629 0.0003381085
v 0.0006308024 0.001133237 0.0002084479
v 0.0004531051 0.0003704352 0.0003361874
v 0.0005972634 0.001146588 0.0002093922
v 0.0008424577 0.001659537 1.797445E-05
v 0.0008100131 0.001675564 1.804717E-05
v 0.001169725 0.002108142 -0.0002649803
v 0.00113982 0.002128559 -0.0002663525
v 0.00162562 0.002562977 -0.0006858688
v 0.001597819 0.002586093 -0.000688447
v 0.002163328 0.002950817 -0.001207297
v 0.002134475 0.002986532 -0.001193806
v 0.0003985982 0.0001969732 -6.414115E-05
v 0.0002656996 -0.0003572774 3.005199E-05
v -2.5893E-05 -0.0002957082 -0.0001244115
v 3.493637E-05 0.0003462382 -0.0002872956
v 0.000376412 0.0003858629 0.0003381085
v 0.0002409112 -0.0002647483 0.0003642339
v 0.0002656996 -0.0003572774 3.005199E-05
v 0.0003985982 0.0001969732 -6.414115E-05
v 3.493637E-05 0.0003462382 -0.0002872956
v -2.5893E-05 -0.0002957082 -0.0001244115
v 0.0001836155 -0.0003033408 -0.0002513334
v 9.425111E-05 0.0003308145 -0.0003219611
v 9.425111E-05 0.0003308145 -0.0003219611
v 0.0001836155 -0.0003033408 -0.0002513334
v 0.0005821586 -0.0003680821 -0.0001298349
v 0.0005883431 0.0001746122 -0.0001530794
v 0.0004531051 0.0003704352 0.0003361874
v 0.0004643429 -0.0002708025 0.0002626076
v 0.0002409112 -0.0002647483 0.0003642339
v 0.000376412 0.0003858629 0.0003381085
v 0.0005883431 0.0001746122 -0.0001530794
v 0.0005821586 -0.0003680821 -0.0001298349
v 0.0004643429 -0.0002708025 0.0002626076
v 0.0004531051 0.0003704352 0.0003361874
vt 0.3596191 0.1967773
vt 0.3752441 0.2220459
vt 0.3581543 0.3527832
vt 0.3435059 0.326416
vt 0.3305664 0.4445801
vt 0.3144531 0.418457
vt 0.2866211 0.5253906
vt 0.2751465 0.5048828
vt 0.2249756 0.609375
vt 0.2174072 0.5957031
vt 0.1519775 0.684082
vt 0.2536621 0.609375
vt 0.2174072 0.5957031
vt 0.1519775 0.684082
vt 0.3352051 0.5253906
vt 0.2751465 0.5048828
vt 0.3898926 0.4448242
vt 0.3144531 0.418457
vt 0.4230957 0.3532715
vt 0.3435059 0.326416
vt 0.4353027 0.2226563
vt 0.3596191 0.1967773
vt 0.359375 0.03878784
vt 0.420166 0.04919434
vt 0.4487305 0.2250977
vt 0.3491211 0.3293457
vt 0.3979492 0.2015381
vt 0.4257813 0.3552246
vt 0.3198242 0.4221191
vt 0.392334 0.4472656
vt 0.2802734 0.5092773
vt 0.3374023 0.5288086
vt 0.2215576 0.6015625
vt 0.2556152 0.6132813
vt 0.1563721 0.6899414
vt 0.3979492 0.2015381
vt 0.3630371 0.3549805
vt 0.3916016 0.2248535
vt 0.3491211 0.3293457
vt 0.3354492 0.4470215
vt 0.3198242 0.4221191
vt 0.2912598 0.5283203
vt 0.2802734 0.5092773
vt 0.229248 0.6132813
vt 0.2215576 0.6015625
vt 0.1563721 0.6899414
vt 0.4257813 0.3552246
vt 0.4487305 0.2250977
vt 0.4353027 0.2226563
vt 0.4230957 0.3532715
vt 0.392334 0.4472656
vt 0.3898926 0.4448242
vt 0.3374023 0.5288086
vt 0.3352051 0.5253906
vt 0.2556152 0.6132813
vt 0.2536621 0.609375
vt 0.1563721 0.6899414
vt 0.1519775 0.684082
vt 0.3916016 0.2248535
vt 0.3581543 0.3527832
vt 0.3752441 0.2220459
vt 0.3630371 0.3549805
vt 0.3305664 0.4445801
vt 0.3354492 0.4470215
vt 0.2866211 0.5253906
vt 0.2912598 0.5283203
vt 0.2249756 0.609375
vt 0.229248 0.6132813
vt 0.1519775 0.684082
vt 0.1563721 0.6899414
vt 0.3979492 0.2015381
vt 0.4089355 0.04223633
vt 0.4519043 0.05111694
vt 0.4487305 0.2250977
vt 0.3916016 0.2248535
vt 0.4072266 0.05093384
vt 0.4089355 0.04223633
vt 0.3979492 0.2015381
vt 0.4487305 0.2250977
vt 0.4519043 0.05111694
vt 0.420166 0.04919434
vt 0.4353027 0.2226563
vt 0.3752441 0.2220459
vt 0.373291 0.04901123
vt 0.4072266 0.05093384
vt 0.3916016 0.2248535
vt 0.3596191 0.1967773
vt 0.359375 0.03878784
vt 0.373291 0.04901123
vt 0.3752441 0.2220459
vt 0.3527832 0.1429443
vt 0.409668 0.1713867
vt 0.394043 0.2990723
vt 0.3334961 0.2692871
vt 0.3642578 0.3881836
vt 0.3078613 0.3591309
vt 0.3232422 0.4660645
vt 0.277832 0.4433594
vt 0.2646484 0.5463867
vt 0.2376709 0.53125
vt 0.1937256 0.6171875
vt 0.2304688 0.543457
vt 0.2376709 0.53125
vt 0.1937256 0.6171875
vt 0.2651367 0.4611816
vt 0.277832 0.4433594
vt 0.293457 0.3823242
vt 0.3078613 0.3591309
vt 0.315918 0.2927246
vt 0.3334961 0.2692871
vt 0.3376465 0.1656494
vt 0.3527832 0.1429443
vt 0.3681641 0.05154419
vt 0.3581543 0.05975342
vt 0.3505859 0.1678467
vt 0.3361816 0.2722168
vt 0.3696289 0.1461182
vt 0.3190918 0.2946777
vt 0.3103027 0.362793
vt 0.2963867 0.3847656
vt 0.2800293 0.4475098
vt 0.2678223 0.4643555
vt 0.2391357 0.5371094
vt 0.2330322 0.5473633
vt 0.1953125 0.6230469
vt 0.3696289 0.1461182
vt 0.3942871 0.3010254
vt 0.4189453 0.173584
vt 0.3361816 0.2722168
vt 0.3647461 0.390625
vt 0.3103027 0.362793
vt 0.3232422 0.4689941
vt 0.2800293 0.4475098
vt 0.2644043 0.550293
vt 0.2391357 0.5371094
vt 0.1953125 0.6230469
vt 0.3190918 0.2946777
vt 0.3505859 0.1678467
vt 0.3376465 0.1656494
vt 0.315918 0.2927246
vt 0.2963867 0.3847656
vt 0.293457 0.3823242
vt 0.2678223 0.4643555
vt 0.2651367 0.4611816
vt 0.2330322 0.5473633
vt 0.2304688 0.543457
vt 0.1953125 0.6230469
vt 0.1937256 0.6171875
vt 0.4189453 0.173584
vt 0.394043 0.2990723
vt 0.409668 0.1713867
vt 0.3942871 0.3010254
vt 0.3642578 0.3881836
vt 0.3647461 0.390625
vt 0.3232422 0.4660645
vt 0.3232422 0.4689941
vt 0.2646484 0.5463867
vt 0.2644043 0.550293
vt 0.1937256 0.6171875
vt 0.1953125 0.6230469
vt 0.3696289 0.1461182
vt 0.3989258 0.05322266
vt 0.3759766 0.06100464
vt 0.3505859 0.1678467
vt 0.4189453 0.173584
vt 0.4296875 0.06549072
vt 0.3989258 0.05322266
vt 0.3696289 0.1461182
vt 0.3505859 0.1678467
vt 0.3759766 0.06100464
vt 0.3581543 0.05975342
vt 0.3376465 0.1656494
vt 0.409668 0.1713867
vt 0.4145508 0.06445313
vt 0.4296875 0.06549072
vt 0.4189453 0.173584
vt 0.3527832 0.1429443
vt 0.3681641 0.05154419
vt 0.4145508 0.06445313
vt 0.409668 0.1713867
vt 0.454834 0.828125
vt 0.4265137 0.8154297
vt 0.4152832 0.9433594
vt 0.4853516 0.7050781
vt 0.4370117 0.6870117
vt 0.5039063 0.5917969
vt 0.4450684 0.5683594
vt 0.5166016 0.4697266
vt 0.4521484 0.4455566
vt 0.5205078 0.300293
vt 0.4604492 0.2773438
vt 0.4816895 0.03152466
vt 0.5292969 0.0368042
vt 0.4265137 0.8154297
vt 0.4020996 0.8251953
vt 0.4152832 0.9433594
vt 0.4370117 0.6870117
vt 0.3952637 0.7001953
vt 0.4450684 0.5683594
vt 0.3942871 0.5859375
vt 0.4521484 0.4455566
vt 0.3962402 0.4631348
vt 0.4604492 0.2773438
vt 0.4091797 0.2939453
vt 0.4421387 0.03219604
vt 0.4816895 0.03152466
vt 0.5185547 0.3017578
vt 0.4526367 0.4477539
vt 0.4616699 0.2805176
vt 0.5151367 0.4707031
vt 0.4455566 0.5712891
vt 0.5024414 0.59375
vt 0.4372559 0.690918
vt 0.4833984 0.7080078
vt 0.4267578 0.8212891
vt 0.4528809 0.8320313
vt 0.4155273 0.9492188
vt 0.4616699 0.2805176
vt 0.3986816 0.4645996
vt 0.4125977 0.2961426
vt 0.4526367 0.4477539
vt 0.3967285 0.5883789
vt 0.4455566 0.5712891
vt 0.3974609 0.7036133
vt 0.4372559 0.690918
vt 0.4042969 0.8291016
vt 0.4267578 0.8212891
vt 0.4155273 0.9492188
vt 0.5151367 0.4707031
vt 0.5185547 0.3017578
vt 0.5205078 0.300293
vt 0.5166016 0.4697266
vt 0.5024414 0.59375
vt 0.5039063 0.5917969
vt 0.4833984 0.7080078
vt 0.4853516 0.7050781
vt 0.4528809 0.8320313
vt 0.454834 0.828125
vt 0.4125977 0.2961426
vt 0.3962402 0.4631348
vt 0.4091797 0.2939453
vt 0.3986816 0.4645996
vt 0.3942871 0.5859375
vt 0.3967285 0.5883789
vt 0.3952637 0.7001953
vt 0.3974609 0.7036133
vt 0.4020996 0.8251953
vt 0.4042969 0.8291016
vt 0.4152832 0.9433594
vt 0.4155273 0.9492188
vt 0.4155273 0.9492188
vt 0.4528809 0.8320313
vt 0.454834 0.828125
vt 0.4152832 0.9433594
vt 0.4616699 0.2805176
vt 0.4836426 0.03518677
vt 0.527832 0.03866577
vt 0.5185547 0.3017578
vt 0.4125977 0.2961426
vt 0.4453125 0.03427124
vt 0.4836426 0.03518677
vt 0.4616699 0.2805176
vt 0.5185547 0.3017578
vt 0.527832 0.03866577
vt 0.5292969 0.0368042
vt 0.5205078 0.300293
vt 0.4091797 0.2939453
vt 0.4421387 0.03219604
vt 0.4453125 0.03427124
vt 0.4125977 0.2961426
vt 0.5483398 0.2049561
vt 0.5610352 0.1895752
vt 0.5537109 0.3500977
vt 0.5424805 0.3664551
vt 0.5698242 0.4680176
vt 0.5561523 0.4838867
vt 0.5981445 0.5825195
vt 0.5888672 0.5947266
vt 0.6459961 0.7080078
vt 0.6396484 0.7172852
vt 0.7026367 0.8334961
vt 0.5610352 0.1895752
vt 0.4650879 0.2045898
vt 0.4526367 0.3659668
vt 0.5537109 0.3500977
vt 0.4741211 0.4838867
vt 0.5698242 0.4680176
vt 0.5219727 0.5947266
vt 0.5981445 0.5825195
vt 0.6000977 0.7172852
vt 0.6459961 0.7080078
vt 0.7026367 0.8334961
vt 0.5263672 0.2056885
vt 0.5415039 0.3518066
vt 0.5234375 0.190918
vt 0.5361328 0.3671875
vt 0.5634766 0.4707031
vt 0.5498047 0.4855957
vt 0.5917969 0.5859375
vt 0.5830078 0.5976563
vt 0.640625 0.7133789
vt 0.6337891 0.7207031
vt 0.6967773 0.8388672
vt 0.5234375 0.190918
vt 0.4494629 0.3671875
vt 0.4475098 0.2056885
vt 0.5415039 0.3518066
vt 0.4711914 0.4855957
vt 0.5634766 0.4707031
vt 0.519043 0.5976563
vt 0.5917969 0.5859375
vt 0.5976563 0.7207031
vt 0.640625 0.7133789
vt 0.6967773 0.8388672
vt 0.5361328 0.3671875
vt 0.5263672 0.2056885
vt 0.5483398 0.2049561
vt 0.5424805 0.3664551
vt 0.5498047 0.4855957
vt 0.5561523 0.4838867
vt 0.5830078 0.5976563
vt 0.5888672 0.5947266
vt 0.6337891 0.7207031
vt 0.6396484 0.7172852
vt 0.6967773 0.8388672
vt 0.7026367 0.8334961
vt 0.4475098 0.2056885
vt 0.4526367 0.3659668
vt 0.4650879 0.2045898
vt 0.4494629 0.3671875
vt 0.4741211 0.4838867
vt 0.4711914 0.4855957
vt 0.5219727 0.5947266
vt 0.519043 0.5976563
vt 0.6000977 0.7172852
vt 0.5976563 0.7207031
vt 0.7026367 0.8334961
vt 0.6967773 0.8388672
vt 0.5234375 0.190918
vt 0.5185547 0.07275391
vt 0.5244141 0.07275391
vt 0.5263672 0.2056885
vt 0.4475098 0.2056885
vt 0.4626465 0.07275391
vt 0.5185547 0.07275391
vt 0.5234375 0.190918
vt 0.5263672 0.2056885
vt 0.5244141 0.07275391
vt 0.5664063 0.07275391
vt 0.5483398 0.2049561
vt 0.5483398 0.2049561
vt 0.5664063 0.07275391
vt 0.5766602 0.07275391
vt 0.5610352 0.1895752
vt 0.4650879 0.2045898
vt 0.5019531 0.07275391
vt 0.4626465 0.07275391
vt 0.4475098 0.2056885
vt 0.5610352 0.1895752
vt 0.5766602 0.07275391
vt 0.5019531 0.07275391
vt 0.4650879 0.2045898
vt 0.420166 0.5683594
vt 0.3962402 0.6772461
vt 0.3933105 0.6860352
vt 0.4221191 0.5566406
vt 0.4345703 0.4443359
vt 0.4394531 0.4328613
vt 0.4489746 0.2751465
vt 0.4516602 0.2641602
vt 0.4611816 0.01649475
vt 0.4597168 0.01257324
vt 0.3549805 0.8168945
vt 0.355957 0.8095703
vt 0.3093262 0.9418945
vt 0.3933105 0.6860352
vt 0.3962402 0.6772461
vt 0.355957 0.8095703
vt 0.3937988 0.8212891
vt 0.3093262 0.9418945
vt 0.3962402 0.6772461
vt 0.4594727 0.6938477
vt 0.4221191 0.5566406
vt 0.5009766 0.5776367
vt 0.4394531 0.4328613
vt 0.5234375 0.4543457
vt 0.4516602 0.2641602
vt 0.53125 0.2841797
vt 0.5239258 0.01991272
vt 0.4611816 0.01649475
vt 0.4616699 0.276123
vt 0.4440918 0.4345703
vt 0.472168 0.2653809
vt 0.4394531 0.4455566
vt 0.4267578 0.5595703
vt 0.4250488 0.5703125
vt 0.4006348 0.6806641
vt 0.3977051 0.6889648
vt 0.472168 0.2653809
vt 0.5249023 0.4553223
vt 0.5395508 0.2851563
vt 0.4440918 0.4345703
vt 0.5024414 0.5795898
vt 0.4267578 0.5595703
vt 0.4609375 0.6962891
vt 0.4006348 0.6806641
vt 0.3950195 0.824707
vt 0.3596191 0.8154297
vt 0.3129883 0.9472656
vt 0.3591309 0.8203125
vt 0.3129883 0.9472656
vt 0.3596191 0.8154297
vt 0.3977051 0.6889648
vt 0.4006348 0.6806641
vt 0.4394531 0.4455566
vt 0.4616699 0.276123
vt 0.4489746 0.2751465
vt 0.4345703 0.4443359
vt 0.4250488 0.5703125
vt 0.420166 0.5683594
vt 0.3977051 0.6889648
vt 0.3933105 0.6860352
vt 0.3591309 0.8203125
vt 0.3549805 0.8168945
vt 0.3129883 0.9472656
vt 0.3093262 0.9418945
vt 0.5395508 0.2851563
vt 0.5234375 0.4543457
vt 0.53125 0.2841797
vt 0.5249023 0.4553223
vt 0.5009766 0.5776367
vt 0.5024414 0.5795898
vt 0.4594727 0.6938477
vt 0.4609375 0.6962891
vt 0.3937988 0.8212891
vt 0.3950195 0.824707
vt 0.3093262 0.9418945
vt 0.3129883 0.9472656
vt 0.472168 0.2653809
vt 0.5058594 0.01617432
vt 0.4853516 0.01258087
vt 0.4616699 0.276123
vt 0.5395508 0.2851563
vt 0.5463867 0.01956177
vt 0.5058594 0.01617432
vt 0.472168 0.2653809
vt 0.4616699 0.276123
vt 0.4853516 0.01258087
vt 0.4597168 0.01257324
vt 0.4489746 0.2751465
vt 0.53125 0.2841797
vt 0.5239258 0.01991272
vt 0.5463867 0.01956177
vt 0.5395508 0.2851563
vt 0.8510742 0.5083008
vt 0.8701172 0.4978027
vt 0.9711914 0.5239258
vt 0.7529297 0.4370117
vt 0.784668 0.4221191
vt 0.7138672 0.3410645
vt 0.7539063 0.3217773
vt 0.6899414 0.2369385
vt 0.7314453 0.2172852
vt 0.6806641 0.1324463
vt 0.7207031 0.1135864
vt 0.7148438 0.04263306
vt 0.6821289 0.04650879
vt 0.8701172 0.4978027
vt 0.8564453 0.5087891
vt 0.9711914 0.5239258
vt 0.784668 0.4221191
vt 0.7617188 0.4377441
vt 0.7539063 0.3217773
vt 0.7246094 0.342041
vt 0.7314453 0.2172852
vt 0.7016602 0.237793
vt 0.7207031 0.1135864
vt 0.6914063 0.1330566
vt 0.6904297 0.04733276
vt 0.7148438 0.04263306
vt 0.6689453 0.1340332
vt 0.7270508 0.2194824
vt 0.6948242 0.1164551
vt 0.6870117 0.2381592
vt 0.75 0.324707
vt 0.7114258 0.3430176
vt 0.7807617 0.4257813
vt 0.7509766 0.4399414
vt 0.8671875 0.503418
vt 0.8491211 0.5117188
vt 0.9677734 0.5292969
vt 0.6948242 0.1164551
vt 0.6982422 0.2392578
vt 0.6791992 0.1350098
vt 0.7270508 0.2194824
vt 0.7216797 0.3439941
vt 0.75 0.324707
vt 0.7592773 0.4406738
vt 0.7807617 0.4257813
vt 0.8535156 0.512207
vt 0.8671875 0.503418
vt 0.9677734 0.5292969
vt 0.6870117 0.2381592
vt 0.6689453 0.1340332
vt 0.6806641 0.1324463
vt 0.6899414 0.2369385
vt 0.7114258 0.3430176
vt 0.7138672 0.3410645
vt 0.7509766 0.4399414
vt 0.7529297 0.4370117
vt 0.8491211 0.5117188
vt 0.8510742 0.5083008
vt 0.9677734 0.5292969
vt 0.9711914 0.5239258
vt 0.6791992 0.1350098
vt 0.7016602 0.237793
vt 0.6914063 0.1330566
vt 0.6982422 0.2392578
vt 0.7246094 0.342041
vt 0.7216797 0.3439941
vt 0.7617188 0.4377441
vt 0.7592773 0.4406738
vt 0.8564453 0.5087891
vt 0.8535156 0.512207
vt 0.9711914 0.5239258
vt 0.9677734 0.5292969
vt 0.6948242 0.1164551
vt 0.6611328 0.04553223
vt 0.6489258 0.04830933
vt 0.6689453 0.1340332
vt 0.6791992 0.1350098
vt 0.6567383 0.04910278
vt 0.6611328 0.04553223
vt 0.6948242 0.1164551
vt 0.6689453 0.1340332
vt 0.6489258 0.04830933
vt 0.6821289 0.04650879
vt 0.6806641 0.1324463
vt 0.6914063 0.1330566
vt 0.6904297 0.04733276
vt 0.6567383 0.04910278
vt 0.6791992 0.1350098
vt 0.4746094 0.262207
vt 0.4204102 0.2563477
vt 0.4133301 0.3891602
vt 0.4689941 0.3950195
vt 0.3959961 0.4865723
vt 0.4504395 0.4929199
vt 0.3659668 0.581543
vt 0.4082031 0.5859375
vt 0.3149414 0.6855469
vt 0.3413086 0.6899414
vt 0.2548828 0.7895508
vt 0.3149414 0.6855469
vt 0.3444824 0.6962891
vt 0.2548828 0.7895508
vt 0.3659668 0.581543
vt 0.4138184 0.5966797
vt 0.3959961 0.4865723
vt 0.4570313 0.5063477
vt 0.4133301 0.3891602
vt 0.4763184 0.4091797
vt 0.4204102 0.2563477
vt 0.4814453 0.2751465
vt 0.4753418 0.06610107
vt 0.4277344 0.06103516
vt 0.489502 0.2629395
vt 0.4204102 0.3903809
vt 0.4492188 0.2573242
vt 0.473877 0.3959961
vt 0.402832 0.4887695
vt 0.4553223 0.4946289
vt 0.3725586 0.5844727
vt 0.4128418 0.5883789
vt 0.3208008 0.6899414
vt 0.3457031 0.6928711
vt 0.2609863 0.7939453
vt 0.4492188 0.2573242
vt 0.480957 0.4099121
vt 0.4960938 0.2756348
vt 0.4204102 0.3903809
vt 0.4616699 0.5073242
vt 0.402832 0.4887695
vt 0.4179688 0.5986328
vt 0.3725586 0.5844727
vt 0.3486328 0.6987305
vt 0.3208008 0.6899414
vt 0.2609863 0.7939453
vt 0.473877 0.3959961
vt 0.489502 0.2629395
vt 0.4746094 0.262207
vt 0.4689941 0.3950195
vt 0.4553223 0.4946289
vt 0.4504395 0.4929199
vt 0.4128418 0.5883789
vt 0.4082031 0.5859375
vt 0.3457031 0.6928711
vt 0.3413086 0.6899414
vt 0.2609863 0.7939453
vt 0.2548828 0.7895508
vt 0.4960938 0.2756348
vt 0.4763184 0.4091797
vt 0.4814453 0.2751465
vt 0.480957 0.4099121
vt 0.4570313 0.5063477
vt 0.4616699 0.5073242
vt 0.4138184 0.5966797
vt 0.4179688 0.5986328
vt 0.3444824 0.6962891
vt 0.3486328 0.6987305
vt 0.2548828 0.7895508
vt 0.2609863 0.7939453
vt 0.4492188 0.2573242
vt 0.4899902 0.06100464
vt 0.503418 0.0559082
vt 0.489502 0.2629395
vt 0.4960938 0.2756348
vt 0.5087891 0.0657959
vt 0.4899902 0.06100464
vt 0.4492188 0.2573242
vt 0.489502 0.2629395
vt 0.503418 0.0559082
vt 0.4699707 0.05566406
vt 0.4746094 0.262207
vt 0.4746094 0.262207
vt 0.4699707 0.05566406
vt 0.4277344 0.06103516
vt 0.4204102 0.2563477
vt 0.4814453 0.2751465
vt 0.4753418 0.06610107
vt 0.5087891 0.0657959
vt 0.4960938 0.2756348
vt 0.6455078 0.1254883
vt 0.6738281 0.1116333
vt 0.6923828 0.2553711
vt 0.6689453 0.2697754
vt 0.7207031 0.3596191
vt 0.6958008 0.3740234
vt 0.7607422 0.4592285
vt 0.7426758 0.4702148
vt 0.8217773 0.5664063
vt 0.8100586 0.574707
vt 0.8916016 0.6728516
vt 0.6738281 0.1116333
vt 0.5874023 0.1381836
vt 0.605957 0.2834473
vt 0.6923828 0.2553711
vt 0.6386719 0.3867188
vt 0.7207031 0.3596191
vt 0.6953125 0.4807129
vt 0.7607422 0.4592285
vt 0.7822266 0.5810547
vt 0.8217773 0.5664063
vt 0.8916016 0.6728516
vt 0.6381836 0.1271973
vt 0.6855469 0.2575684
vt 0.6445313 0.1137695
vt 0.6635742 0.2712402
vt 0.7143555 0.3625488
vt 0.6904297 0.3762207
vt 0.7548828 0.4631348
vt 0.7373047 0.4733887
vt 0.8168945 0.5722656
vt 0.8051758 0.5786133
vt 0.8862305 0.6782227
vt 0.6445313 0.1137695
vt 0.6025391 0.2849121
vt 0.5830078 0.1395264
vt 0.6855469 0.2575684
vt 0.6352539 0.3886719
vt 0.7143555 0.3625488
vt 0.6928711 0.4833984
vt 0.7548828 0.4631348
vt 0.7797852 0.5844727
vt 0.8168945 0.5722656
vt 0.8862305 0.6782227
vt 0.6635742 0.2712402
vt 0.6381836 0.1271973
vt 0.6455078 0.1254883
vt 0.6689453 0.2697754
vt 0.6904297 0.3762207
vt 0.6958008 0.3740234
vt 0.7373047 0.4733887
vt 0.7426758 0.4702148
vt 0.8051758 0.5786133
vt 0.8100586 0.574707
vt 0.8862305 0.6782227
vt 0.8916016 0.6728516
vt 0.5830078 0.1395264
vt 0.605957 0.2834473
vt 0.5874023 0.1381836
vt 0.6025391 0.2849121
vt 0.6386719 0.3867188
vt 0.6352539 0.3886719
vt 0.6953125 0.4807129
vt 0.6928711 0.4833984
vt 0.7822266 0.5810547
vt 0.7797852 0.5844727
vt 0.8916016 0.6728516
vt 0.8862305 0.6782227
vt 0.6445313 0.1137695
vt 0.6088867 0.008033752
vt 0.609375 0.008087158
vt 0.6381836 0.1271973
vt 0.5830078 0.1395264
vt 0.565918 0.01774597
vt 0.6088867 0.008033752
vt 0.6445313 0.1137695
vt 0.6381836 0.1271973
vt 0.609375 0.008087158
vt 0.652832 0.007278442
vt 0.6455078 0.1254883
vt 0.6455078 0.1254883
vt 0.652832 0.007278442
vt 0.6728516 0.007225037
vt 0.6738281 0.1116333
vt 0.5874023 0.1381836
vt 0.6074219 0.01742554
vt 0.565918 0.01774597
vt 0.5830078 0.1395264
vt 0.6738281 0.1116333
vt 0.6728516 0.007225037
vt 0.6074219 0.01742554
vt 0.5874023 0.1381836
vt 0.3149414 0.2012939
vt 0.2358398 0.1778564
vt 0.2359619 0.3085938
vt 0.2915039 0.3330078
vt 0.2086182 0.4023438
vt 0.2602539 0.4262695
vt 0.1661377 0.4914551
vt 0.2062988 0.5097656
vt 0.1020508 0.5854492
vt 0.126709 0.5981445
vt 0.02882385 0.6782227
vt 0.1020508 0.5854492
vt 0.1303711 0.5976563
vt 0.02882385 0.6782227
vt 0.1661377 0.4914551
vt 0.2124023 0.5087891
vt 0.2086182 0.4023438
vt 0.2678223 0.4248047
vt 0.2359619 0.3085938
vt 0.2998047 0.3310547
vt 0.2358398 0.1778564
vt 0.2949219 0.1994629
vt 0.2763672 0.09033203
vt 0.2290039 0.08306885
vt 0.3212891 0.2028809
vt 0.2457275 0.3110352
vt 0.2814941 0.1804199
vt 0.2963867 0.3344727
vt 0.21521 0.4057617
vt 0.2648926 0.4284668
vt 0.1724854 0.4953613
vt 0.2105713 0.5126953
vt 0.1072388 0.5913086
vt 0.1307373 0.6020508
vt 0.03414917 0.6835938
vt 0.2814941 0.1804199
vt 0.3044434 0.3330078
vt 0.3286133 0.201416
vt 0.2457275 0.3110352
vt 0.2719727 0.427002
vt 0.21521 0.4057617
vt 0.2164307 0.5117188
vt 0.1724854 0.4953613
vt 0.1340332 0.6010742
vt 0.1072388 0.5913086
vt 0.03414917 0.6835938
vt 0.2963867 0.3344727
vt 0.3212891 0.2028809
vt 0.3149414 0.2012939
vt 0.2915039 0.3330078
vt 0.2648926 0.4284668
vt 0.2602539 0.4262695
vt 0.2105713 0.5126953
vt 0.2062988 0.5097656
vt 0.1307373 0.6020508
vt 0.126709 0.5981445
vt 0.03414917 0.6835938
vt 0.02882385 0.6782227
vt 0.3286133 0.201416
vt 0.2998047 0.3310547
vt 0.2949219 0.1994629
vt 0.3044434 0.3330078
vt 0.2678223 0.4248047
vt 0.2719727 0.427002
vt 0.2124023 0.5087891
vt 0.2164307 0.5117188
vt 0.1303711 0.5976563
vt 0.1340332 0.6010742
vt 0.02882385 0.6782227
vt 0.03414917 0.6835938
vt 0.2814941 0.1804199
vt 0.3139648 0.08428955
vt 0.3303223 0.09234619
vt 0.3212891 0.2028809
vt 0.3286133 0.201416
vt 0.3359375 0.09118652
vt 0.3139648 0.08428955
vt 0.2814941 0.1804199
vt 0.3212891 0.2028809
vt 0.3303223 0.09234619
vt 0.2705078 0.0914917
vt 0.3149414 0.2012939
vt 0.3149414 0.2012939
vt 0.2705078 0.0914917
vt 0.2290039 0.08306885
vt 0.2358398 0.1778564
vt 0.2949219 0.1994629
vt 0.2763672 0.09033203
vt 0.3359375 0.09118652
vt 0.3286133 0.201416
vt 0.6054688 0.135376
vt 0.5371094 0.1627197
vt 0.5332031 0.2927246
vt 0.605957 0.2641602
vt 0.5498047 0.3837891
vt 0.6171875 0.3557129
vt 0.5766602 0.4631348
vt 0.6313477 0.4414063
vt 0.6191406 0.5458984
vt 0.6513672 0.53125
vt 0.6743164 0.6186523
vt 0.6704102 0.5444336
vt 0.6513672 0.53125
vt 0.6743164 0.6186523
vt 0.6635742 0.4611816
vt 0.6313477 0.4414063
vt 0.6557617 0.3813477
vt 0.6171875 0.3557129
vt 0.6494141 0.2902832
vt 0.605957 0.2641602
vt 0.6450195 0.1606445
vt 0.6054688 0.135376
vt 0.5981445 0.04214478
vt 0.628418 0.05218506
vt 0.6303711 0.1627197
vt 0.6040039 0.2670898
vt 0.5864258 0.1385498
vt 0.6464844 0.2922363
vt 0.6152344 0.359375
vt 0.652832 0.3840332
vt 0.6293945 0.4458008
vt 0.6606445 0.4645996
vt 0.6503906 0.5366211
vt 0.6674805 0.5483398
vt 0.6728516 0.6240234
vt 0.5864258 0.1385498
vt 0.5336914 0.2946777
vt 0.5283203 0.1650391
vt 0.6040039 0.2670898
vt 0.5507813 0.3862305
vt 0.6152344 0.359375
vt 0.5776367 0.4665527
vt 0.6293945 0.4458008
vt 0.6201172 0.5493164
vt 0.6503906 0.5366211
vt 0.6728516 0.6240234
vt 0.6464844 0.2922363
vt 0.6303711 0.1627197
vt 0.6450195 0.1606445
vt 0.6494141 0.2902832
vt 0.652832 0.3840332
vt 0.6557617 0.3813477
vt 0.6606445 0.4645996
vt 0.6635742 0.4611816
vt 0.6674805 0.5483398
vt 0.6704102 0.5444336
vt 0.6728516 0.6240234
vt 0.6743164 0.6186523
vt 0.5283203 0.1650391
vt 0.5336914 0.2946777
vt 0.5332031 0.2927246
vt 0.5371094 0.1627197
vt 0.5322266 0.05517578
vt 0.5444336 0.05401611
vt 0.5507813 0.3862305
vt 0.5776367 0.4665527
vt 0.5766602 0.4631348
vt 0.5498047 0.3837891
vt 0.5336914 0.2946777
vt 0.5332031 0.2927246
vt 0.6201172 0.5493164
vt 0.6728516 0.6240234
vt 0.6743164 0.6186523
vt 0.6191406 0.5458984
vt 0.5776367 0.4665527
vt 0.5766602 0.4631348
vt 0.5864258 0.1385498
vt 0.5756836 0.04388428
vt 0.605957 0.05340576
vt 0.6303711 0.1627197
vt 0.5283203 0.1650391
vt 0.5322266 0.05517578
vt 0.5756836 0.04388428
vt 0.5864258 0.1385498
vt 0.6303711 0.1627197
vt 0.605957 0.05340576
vt 0.628418 0.05218506
vt 0.6450195 0.1606445
vt 0.6054688 0.135376
vt 0.5981445 0.04214478
vt 0.5444336 0.05401611
vt 0.5371094 0.1627197
vt 0.4519043 0.2049561
vt 0.5327148 0.1895752
vt 0.5356445 0.3500977
vt 0.4489746 0.3664551
vt 0.5405273 0.4680176
vt 0.4604492 0.4838867
vt 0.5483398 0.5825195
vt 0.4831543 0.5947266
vt 0.5615234 0.7080078
vt 0.5234375 0.7172852
vt 0.5776367 0.8334961
vt 0.5327148 0.1895752
vt 0.5830078 0.2045898
vt 0.5913086 0.3659668
vt 0.5356445 0.3500977
vt 0.5898438 0.4838867
vt 0.5405273 0.4680176
vt 0.5893555 0.5947266
vt 0.5483398 0.5825195
vt 0.5854492 0.7172852
vt 0.5615234 0.7080078
vt 0.5776367 0.8334961
vt 0.454834 0.2056885
vt 0.5341797 0.3518066
vt 0.5317383 0.190918
vt 0.4501953 0.3671875
vt 0.5385742 0.4707031
vt 0.4616699 0.4855957
vt 0.5463867 0.5859375
vt 0.4846191 0.5976563
vt 0.5600586 0.7133789
vt 0.5244141 0.7207031
vt 0.5761719 0.8388672
vt 0.5317383 0.190918
vt 0.5874023 0.3671875
vt 0.5795898 0.2056885
vt 0.5341797 0.3518066
vt 0.5859375 0.4855957
vt 0.5385742 0.4707031
vt 0.5854492 0.5976563
vt 0.5463867 0.5859375
vt 0.5820313 0.7207031
vt 0.5600586 0.7133789
vt 0.5761719 0.8388672
vt 0.4501953 0.3671875
vt 0.454834 0.2056885
vt 0.4519043 0.2049561
vt 0.4489746 0.3664551
vt 0.4616699 0.4855957
vt 0.4604492 0.4838867
vt 0.4846191 0.5976563
vt 0.4831543 0.5947266
vt 0.5244141 0.7207031
vt 0.5234375 0.7172852
vt 0.5795898 0.2056885
vt 0.5913086 0.3659668
vt 0.5830078 0.2045898
vt 0.5874023 0.3671875
vt 0.5898438 0.4838867
vt 0.5859375 0.4855957
vt 0.5893555 0.5947266
vt 0.5854492 0.5976563
vt 0.5854492 0.7172852
vt 0.5820313 0.7207031
vt 0.5776367 0.8334961
vt 0.5761719 0.8388672
vt 0.5761719 0.8388672
vt 0.5244141 0.7207031
vt 0.5234375 0.7172852
vt 0.5776367 0.8334961
vt 0.5317383 0.190918
vt 0.5302734 0.07275391
vt 0.4702148 0.07275391
vt 0.454834 0.2056885
vt 0.5795898 0.2056885
vt 0.5678711 0.07275391
vt 0.5302734 0.07275391
vt 0.5317383 0.190918
vt 0.454834 0.2056885
vt 0.4702148 0.07275391
vt 0.4689941 0.07275391
vt 0.4519043 0.2049561
vt 0.4519043 0.2049561
vt 0.4689941 0.07275391
vt 0.5322266 0.07275391
vt 0.5327148 0.1895752
vt 0.5830078 0.2045898
vt 0.5712891 0.07275391
vt 0.5678711 0.07275391
vt 0.5795898 0.2056885
vt 0.5327148 0.1895752
vt 0.5322266 0.07275391
vt 0.5712891 0.07275391
vt 0.5830078 0.2045898
vt 0.5112305 0.1467285
vt 0.5991211 0.1154785
vt 0.6293945 0.2663574
vt 0.5375977 0.298584
vt 0.668457 0.3725586
vt 0.5810547 0.4042969
vt 0.7202148 0.4711914
vt 0.6508789 0.4956055
vt 0.7949219 0.5727539
vt 0.7529297 0.5893555
vt 0.8789063 0.6708984
vt 0.5991211 0.1154785
vt 0.574707 0.1546631
vt 0.6064453 0.307373
vt 0.6293945 0.2663574
vt 0.644043 0.4125977
vt 0.668457 0.3725586
vt 0.7021484 0.5024414
vt 0.7202148 0.4711914
vt 0.7832031 0.5932617
vt 0.7949219 0.5727539
vt 0.8789063 0.6708984
vt 0.5004883 0.1497803
vt 0.6123047 0.2702637
vt 0.5654297 0.1199951
vt 0.5336914 0.3012695
vt 0.6621094 0.3774414
vt 0.578125 0.407959
vt 0.7138672 0.4768066
vt 0.6479492 0.5
vt 0.7900391 0.5800781
vt 0.7504883 0.5942383
vt 0.8740234 0.6782227
vt 0.5654297 0.1199951
vt 0.6005859 0.3100586
vt 0.5615234 0.1577148
vt 0.6123047 0.2702637
vt 0.6381836 0.4157715
vt 0.6621094 0.3774414
vt 0.6967773 0.5063477
vt 0.7138672 0.4768066
vt 0.7783203 0.5981445
vt 0.7900391 0.5800781
vt 0.8740234 0.6782227
vt 0.5336914 0.3012695
vt 0.5004883 0.1497803
vt 0.5112305 0.1467285
vt 0.5375977 0.298584
vt 0.578125 0.407959
vt 0.5810547 0.4042969
vt 0.6479492 0.5
vt 0.6508789 0.4956055
vt 0.7504883 0.5942383
vt 0.7529297 0.5893555
vt 0.8740234 0.6782227
vt 0.8789063 0.6708984
vt 0.5615234 0.1577148
vt 0.6064453 0.307373
vt 0.574707 0.1546631
vt 0.6005859 0.3100586
vt 0.644043 0.4125977
vt 0.6381836 0.4157715
vt 0.7021484 0.5024414
vt 0.6967773 0.5063477
vt 0.7832031 0.5932617
vt 0.7783203 0.5981445
vt 0.8789063 0.6708984
vt 0.8740234 0.6782227
vt 0.5654297 0.1199951
vt 0.5415039 0.009078979
vt 0.4897461 0.02139282
vt 0.5004883 0.1497803
vt 0.5615234 0.1577148
vt 0.5371094 0.02758789
vt 0.5415039 0.009078979
vt 0.5654297 0.1199951
vt 0.5004883 0.1497803
vt 0.4897461 0.02139282
vt 0.5268555 0.01986694
vt 0.5112305 0.1467285
vt 0.5112305 0.1467285
vt 0.5268555 0.01986694
vt 0.5976563 0.006919861
vt 0.5991211 0.1154785
vt 0.574707 0.1546631
vt 0.5771484 0.02638245
vt 0.5371094 0.02758789
vt 0.5615234 0.1577148
vt 0.5991211 0.1154785
vt 0.5976563 0.006919861
vt 0.5771484 0.02638245
vt 0.574707 0.1546631
vn -0.9667969 -0.1262207 -0.2224121
vn -0.9667969 -0.1262207 -0.2224121
vn -0.9526367 -0.1870117 -0.239624
vn -0.9545898 -0.1800537 -0.237793
vn -0.9130859 -0.3034668 -0.2717285
vn -0.909668 -0.3115234 -0.2739258
vn -0.8686523 -0.3979492 -0.2949219
vn -0.8613281 -0.4116211 -0.2973633
vn -0.8325195 -0.4592285 -0.3093262
vn -0.8271484 -0.4660645 -0.3144531
vn -0.8041992 -0.4921875 -0.3337402
vn -0.07122803 -0.4567871 0.8867188
vn -0.06414795 -0.463623 0.8837891
vn -0.03695679 -0.489502 0.8710938
vn -0.09967041 -0.3952637 0.9130859
vn -0.09436035 -0.4089355 0.9077148
vn -0.1395264 -0.3010254 0.9433594
vn -0.1361084 -0.309082 0.9414063
vn -0.1876221 -0.1793213 0.9658203
vn -0.1903076 -0.1721191 0.9663086
vn -0.2109375 -0.114502 0.9707031
vn -0.2109375 -0.114502 0.9707031
vn -0.206665 -0.07080078 0.9760742
vn -0.206665 -0.07080078 0.9760742
vn 0.2849121 0.307373 -0.9077148
vn 0.2287598 0.2839355 -0.9311523
vn 0.2849121 0.307373 -0.9077148
vn 0.2279053 0.2836914 -0.9316406
vn 0.1361084 0.3088379 -0.9414063
vn 0.1396484 0.3007813 -0.9433594
vn 0.09448242 0.4086914 -0.9077148
vn 0.09973145 0.3950195 -0.9130859
vn 0.06414795 0.463623 -0.8837891
vn 0.0715332 0.4562988 -0.8867188
vn 0.03695679 0.489502 -0.8710938
vn 0.9458008 0.2895508 0.1472168
vn 0.9404297 0.2746582 0.199585
vn 0.9458008 0.2895508 0.1472168
vn 0.9404297 0.2746582 0.1994629
vn 0.9130859 0.3034668 0.2717285
vn 0.909668 0.3115234 0.2739258
vn 0.8686523 0.3977051 0.2949219
vn 0.8618164 0.4111328 0.2973633
vn 0.8330078 0.4589844 0.309082
vn 0.8271484 0.4660645 0.3144531
vn 0.8041992 0.4921875 0.3337402
vn 0.7426758 0.06451416 0.6665039
vn 0.7246094 0.01320648 0.6889648
vn 0.7246094 0.01320648 0.6889648
vn 0.7421875 0.06222534 0.6674805
vn 0.7451172 0.2758789 0.6069336
vn 0.7431641 0.2792969 0.6079102
vn 0.6616211 0.3776855 0.6479492
vn 0.6577148 0.3811035 0.6499023
vn 0.5483398 0.3532715 0.7578125
vn 0.5400391 0.3461914 0.7670898
vn 0.4741211 0.2939453 0.8300781
vn 0.4741211 0.2939453 0.8300781
vn -0.3779297 -0.01081848 -0.9257813
vn -0.3383789 0.04211426 -0.9399414
vn -0.3779297 -0.01081848 -0.9257813
vn -0.3330078 0.04888916 -0.9414063
vn -0.2362061 0.276123 -0.9316406
vn -0.2344971 0.2729492 -0.9331055
vn -0.3115234 0.3776855 -0.8720703
vn -0.3081055 0.3742676 -0.8745117
vn -0.4675293 0.3427734 -0.8149414
vn -0.4550781 0.3498535 -0.8188477
vn -0.5517578 0.2902832 -0.7817383
vn -0.5517578 0.2902832 -0.7817383
vn 0.5092773 0.1290283 -0.8505859
vn 0.5092773 0.1290283 -0.8505859
vn 0.5092773 0.1290283 -0.8505859
vn 0.5092773 0.1290283 -0.8505859
vn 0.9941406 0.09246826 -0.05499268
vn 0.9941406 0.09246826 -0.05499268
vn 0.9941406 0.09246826 -0.05499268
vn 0.9941406 0.09246826 -0.05499268
vn 0.5957031 -0.1189575 0.7944336
vn 0.5957031 -0.1189575 0.7944336
vn 0.5957031 -0.1189575 0.7944336
vn 0.5957031 -0.1189575 0.7944336
vn -0.4416504 -0.02848816 -0.8964844
vn -0.4416504 -0.02848816 -0.8964844
vn -0.4416504 -0.02848816 -0.8964844
vn -0.4416504 -0.02848816 -0.8964844
vn -0.9780273 0.01016998 -0.2087402
vn -0.9780273 0.01016998 -0.2087402
vn -0.9780273 0.01016998 -0.2087402
vn -0.9780273 0.01016998 -0.2087402
vn 0.1657715 -0.2102051 -0.9633789
vn 0.1657715 -0.2102051 -0.9633789
vn 0.1757813 -0.2283936 -0.9575195
vn 0.1738281 -0.2248535 -0.9589844
vn 0.2055664 -0.2856445 -0.9360352
vn 0.2055664 -0.2856445 -0.9360352
vn 0.2382813 -0.3562012 -0.9033203
vn 0.2402344 -0.3613281 -0.9008789
vn 0.2612305 -0.4018555 -0.8779297
vn 0.2646484 -0.404541 -0.8754883
vn 0.2905273 -0.4248047 -0.8574219
vn -0.8720703 -0.4863281 -0.05563354
vn -0.8706055 -0.4892578 -0.0519104
vn -0.859375 -0.5107422 -0.02316284
vn -0.894043 -0.4406738 -0.08221436
vn -0.8916016 -0.4458008 -0.07989502
vn -0.9213867 -0.3696289 -0.1184082
vn -0.9213867 -0.3696289 -0.1184082
vn -0.9482422 -0.270752 -0.1665039
vn -0.949707 -0.2629395 -0.1700439
vn -0.9575195 -0.2172852 -0.1901855
vn -0.9575195 -0.2172852 -0.1901855
vn -0.9633789 -0.1971436 -0.1804199
vn -0.9633789 -0.1971436 -0.1804199
vn 0.9287109 0.3171387 0.1934814
vn 0.9306641 0.322998 0.1713867
vn 0.9287109 0.3171387 0.1934814
vn 0.9311523 0.3237305 0.1677246
vn 0.9213867 0.3696289 0.1184692
vn 0.9213867 0.3696289 0.1185303
vn 0.8916016 0.4455566 0.08001709
vn 0.894043 0.4404297 0.08227539
vn 0.8706055 0.4892578 0.05178833
vn 0.8720703 0.486084 0.05606079
vn 0.859375 0.5107422 0.02316284
vn -0.1412354 0.2290039 0.9628906
vn -0.1625977 0.237915 0.9575195
vn -0.1412354 0.2290039 0.9628906
vn -0.159668 0.2366943 0.9584961
vn -0.2054443 0.2854004 0.9360352
vn -0.2055664 0.2856445 0.9360352
vn -0.2382813 0.355957 0.9038086
vn -0.2401123 0.361084 0.9008789
vn -0.2607422 0.4013672 0.8779297
vn -0.2646484 0.404541 0.8754883
vn -0.2905273 0.4248047 0.8574219
vn -0.3435059 0.1501465 0.9272461
vn -0.2661133 0.1425781 0.9536133
vn -0.2661133 0.1425781 0.9536133
vn -0.3320313 0.1490479 0.9316406
vn -0.5644531 0.2147217 0.796875
vn -0.5605469 0.208374 0.8017578
vn -0.6293945 0.2873535 0.722168
vn -0.6235352 0.2824707 0.7290039
vn -0.7646484 0.2296143 0.6020508
vn -0.7480469 0.2431641 0.6176758
vn -0.8266602 0.1748047 0.5351563
vn -0.8266602 0.1748047 0.5351563
vn 0.6689453 -0.06933594 -0.7402344
vn 0.777832 0.02711487 -0.6279297
vn 0.6689453 -0.06933594 -0.7402344
vn 0.8022461 0.05264282 -0.5947266
vn 0.9101563 0.3183594 -0.2646484
vn 0.9067383 0.324707 -0.2695313
vn 0.8535156 0.3925781 -0.3422852
vn 0.8481445 0.3977051 -0.3498535
vn 0.7900391 0.3579102 -0.4978027
vn 0.78125 0.3449707 -0.5200195
vn 0.7421875 0.291748 -0.6030273
vn 0.7421875 0.291748 -0.6030273
vn 0.8793945 0.3395996 0.333252
vn 0.8793945 0.3395996 0.333252
vn 0.8793945 0.3395996 0.333252
vn 0.8793945 0.3395996 0.333252
vn -0.04678345 0.2435303 0.96875
vn -0.04678345 0.2435303 0.96875
vn -0.04678345 0.2435303 0.96875
vn -0.04678345 0.2435303 0.96875
vn -0.5371094 -0.1148682 0.8359375
vn -0.5371094 -0.1148682 0.8359375
vn -0.5371094 -0.1148682 0.8359375
vn -0.5371094 -0.1148682 0.8359375
vn 0.7138672 -0.03723145 -0.6992188
vn 0.7138672 -0.03723145 -0.6992188
vn 0.7138672 -0.03723145 -0.6992188
vn 0.7138672 -0.03723145 -0.6992188
vn 0.1196289 -0.04360962 -0.9916992
vn 0.1196289 -0.04360962 -0.9916992
vn 0.1196289 -0.04360962 -0.9916992
vn 0.1196289 -0.04360962 -0.9916992
vn 0.6821289 -0.2775879 0.6767578
vn 0.6835938 -0.2817383 0.6733398
vn 0.6948242 -0.3081055 0.6499023
vn 0.6782227 -0.223877 0.699707
vn 0.6782227 -0.2310791 0.6972656
vn 0.6704102 -0.1428223 0.7285156
vn 0.6704102 -0.144165 0.7280273
vn 0.6572266 -0.07055664 0.7504883
vn 0.65625 -0.06695557 0.7514648
vn 0.6513672 -0.04522705 0.7573242
vn 0.6513672 -0.04522705 0.7573242
vn 0.6538086 -0.0001090169 0.7568359
vn 0.6538086 -0.0001090169 0.7568359
vn -0.762207 -0.3496094 0.5449219
vn -0.7612305 -0.3452148 0.5488281
vn -0.7666016 -0.376709 0.5200195
vn -0.765625 -0.2988281 0.5693359
vn -0.7666016 -0.291748 0.5717773
vn -0.7714844 -0.211792 0.6000977
vn -0.7714844 -0.2104492 0.6005859
vn -0.769043 -0.1337891 0.625
vn -0.7695313 -0.1373291 0.6240234
vn -0.7675781 -0.1115723 0.6313477
vn -0.7675781 -0.1115723 0.6313477
vn -0.7739258 -0.1258545 0.6210938
vn -0.7739258 -0.1258545 0.6210938
vn -0.6206055 0.1297607 -0.7734375
vn -0.6386719 0.1173706 -0.7602539
vn -0.6206055 0.1297607 -0.7734375
vn -0.640625 0.1160889 -0.7592773
vn -0.6704102 0.144043 -0.7280273
vn -0.6704102 0.1425781 -0.7285156
vn -0.6782227 0.230835 -0.6977539
vn -0.6782227 0.2237549 -0.7001953
vn -0.6835938 0.2817383 -0.6728516
vn -0.6816406 0.2770996 -0.6772461
vn -0.6948242 0.3081055 -0.6499023
vn 0.7363281 0.1850586 -0.6508789
vn 0.7524414 0.177002 -0.6342773
vn 0.7363281 0.1850586 -0.6508789
vn 0.7509766 0.1776123 -0.6357422
vn 0.7714844 0.2103271 -0.6005859
vn 0.7714844 0.211792 -0.6000977
vn 0.7666016 0.2915039 -0.5717773
vn 0.765625 0.298584 -0.5693359
vn 0.7612305 0.3447266 -0.5493164
vn 0.762207 0.3496094 -0.5449219
vn 0.7666016 0.376709 -0.5200195
vn 0.9736328 0.0824585 -0.213623
vn 0.9824219 0.04507446 -0.1810303
vn 0.9824219 0.04507446 -0.1810303
vn 0.9741211 0.07971191 -0.2111816
vn 0.9370117 0.2322998 -0.2607422
vn 0.9375 0.2271729 -0.2634277
vn 0.9272461 0.3251953 -0.1862793
vn 0.9277344 0.3208008 -0.19104
vn 0.9487305 0.3151855 -0.01468658
vn 0.9472656 0.3195801 -0.0287323
vn -0.9516602 -0.04879761 -0.3037109
vn -0.9389648 -0.01357269 -0.3439941
vn -0.9516602 -0.04879761 -0.3037109
vn -0.9360352 -0.006931305 -0.3515625
vn -0.8935547 0.1413574 -0.4262695
vn -0.894043 0.1464844 -0.423584
vn -0.9052734 0.2348633 -0.3535156
vn -0.90625 0.2392578 -0.348877
vn -0.953125 0.2304688 -0.1971436
vn -0.956543 0.2258301 -0.1835938
vn -0.9775391 0.1917725 -0.08758545
vn -0.9775391 0.1917725 -0.08758545
vn 0.9555664 0.2824707 0.08380127
vn 0.9487305 0.3151855 -0.01468658
vn 0.9472656 0.3195801 -0.0287323
vn 0.9555664 0.2824707 0.08380127
vn -0.4633789 0.1190796 -0.8779297
vn -0.4633789 0.1190796 -0.8779297
vn -0.4633789 0.1190796 -0.8779297
vn -0.4633789 0.1190796 -0.8779297
vn 0.6142578 0.2032471 -0.7626953
vn 0.6142578 0.2032471 -0.7626953
vn 0.6142578 0.2032471 -0.7626953
vn 0.6142578 0.2032471 -0.7626953
vn 0.9970703 0.04367065 -0.06063843
vn 0.9970703 0.04367065 -0.06063843
vn 0.9970703 0.04367065 -0.06063843
vn 0.9970703 0.04367065 -0.06063843
vn -0.9804688 -0.1295166 -0.1470947
vn -0.9804688 -0.1295166 -0.1470947
vn -0.9804688 -0.1295166 -0.1470947
vn -0.9804688 -0.1295166 -0.1470947
vn 0.9921875 0.04299927 -0.1152954
vn 0.9921875 0.04299927 -0.1152954
vn 0.9916992 -0.02296448 -0.1265869
vn 0.9912109 -0.0302887 -0.1278076
vn 0.972168 -0.1779785 -0.1524658
vn 0.9741211 -0.1693115 -0.151001
vn 0.9433594 -0.2866211 -0.1673584
vn 0.9477539 -0.2717285 -0.1660156
vn 0.9199219 -0.3479004 -0.1804199
vn 0.9238281 -0.3395996 -0.1757813
vn 0.9038086 -0.3793945 -0.1982422
vn 0.1165771 -0.0005731583 0.9931641
vn 0.1165771 -0.0005731583 0.9931641
vn 0.1068115 -0.0552063 0.9926758
vn 0.1080322 -0.04840088 0.9931641
vn 0.08416748 -0.1691895 0.9819336
vn 0.08227539 -0.1778564 0.9804688
vn 0.06335449 -0.2717285 0.9604492
vn 0.0609436 -0.2866211 0.9560547
vn 0.04818726 -0.3395996 0.9394531
vn 0.04269409 -0.3479004 0.9365234
vn 0.02151489 -0.3793945 0.9248047
vn -0.9951172 0.09655762 0.025177
vn -0.9907227 0.1184082 0.065979
vn -0.9951172 0.09655762 0.025177
vn -0.9907227 0.1195679 0.06817627
vn -0.9711914 0.1928711 0.140625
vn -0.9731445 0.1856689 0.137207
vn -0.9433594 0.286377 0.1673584
vn -0.9482422 0.2714844 0.1660156
vn -0.9199219 0.3479004 0.180542
vn -0.9243164 0.3391113 0.1755371
vn -0.9038086 0.3793945 0.1982422
vn -0.1759033 0.0836792 -0.980957
vn -0.1447754 0.1082153 -0.9833984
vn -0.1759033 0.0836792 -0.980957
vn -0.145874 0.1072998 -0.9833984
vn -0.09222412 0.1798096 -0.9794922
vn -0.08898926 0.1881104 -0.9780273
vn -0.06341553 0.2714844 -0.9604492
vn -0.06100464 0.286377 -0.9560547
vn -0.0484314 0.3391113 -0.9394531
vn -0.04266357 0.3479004 -0.9365234
vn -0.02151489 0.3793945 -0.9248047
vn 0.2922363 0.01570129 -0.9560547
vn 0.2998047 -0.0247345 -0.9536133
vn 0.2998047 -0.0247345 -0.9536133
vn 0.2927246 0.0138092 -0.9560547
vn 0.2868652 0.2071533 -0.9355469
vn 0.2878418 0.2106934 -0.934082
vn 0.3359375 0.3254395 -0.8837891
vn 0.3383789 0.329834 -0.8813477
vn 0.4782715 0.3330078 -0.8125
vn 0.4909668 0.3286133 -0.8066406
vn 0.5786133 0.2954102 -0.7602539
vn 0.5786133 0.2954102 -0.7602539
vn -0.6611328 -0.05673218 0.7480469
vn -0.7202148 -0.009643555 0.6938477
vn -0.6611328 -0.05673218 0.7480469
vn -0.7270508 -0.003883362 0.6865234
vn -0.8398438 0.2108154 0.5004883
vn -0.8408203 0.2072754 0.4997559
vn -0.7758789 0.329834 0.5375977
vn -0.7792969 0.3254395 0.5356445
vn -0.6674805 0.3286133 0.6679688
vn -0.6762695 0.3330078 0.6572266
vn -0.6015625 0.2954102 0.7421875
vn -0.6015625 0.2954102 0.7421875
vn -0.9980469 0.02685547 -0.05947876
vn -0.9980469 0.02685547 -0.05947876
vn -0.9980469 0.02685547 -0.05947876
vn -0.9980469 0.02685547 -0.05947876
vn -0.2319336 0.03059387 -0.972168
vn -0.2319336 0.03059387 -0.972168
vn -0.2319336 0.03059387 -0.972168
vn -0.2319336 0.03059387 -0.972168
vn 0.3696289 -0.1450195 -0.9179688
vn 0.3696289 -0.1450195 -0.9179688
vn 0.3696289 -0.1450195 -0.9179688
vn 0.3696289 -0.1450195 -0.9179688
vn 0.9833984 0.1323242 -0.1228638
vn 0.9833984 0.1323242 -0.1228638
vn 0.9833984 0.1323242 -0.1228638
vn 0.9833984 0.1323242 -0.1228638
vn -0.5249023 -0.1204834 0.8422852
vn -0.5249023 -0.1204834 0.8422852
vn -0.5249023 -0.1204834 0.8422852
vn -0.5249023 -0.1204834 0.8422852
vn 0.1088257 0.0758667 0.9912109
vn 0.1088257 0.0758667 0.9912109
vn 0.1088257 0.0758667 0.9912109
vn 0.1088257 0.0758667 0.9912109
vn -0.9819336 -0.1879883 -0.01355743
vn -0.9604492 -0.2780762 0.001678467
vn -0.9624023 -0.270752 0.000813961
vn -0.9819336 -0.1894531 -0.01328278
vn -0.9931641 -0.1136475 -0.02876282
vn -0.9936523 -0.1099243 -0.02954102
vn -0.9956055 -0.08746338 -0.03427124
vn -0.9956055 -0.08746338 -0.03427124
vn -0.9985352 -0.04309082 -0.0262146
vn -0.9985352 -0.04309082 -0.0262146
vn -0.9453125 -0.3256836 0.01216888
vn -0.9438477 -0.3300781 0.01538849
vn -0.9326172 -0.3588867 0.0357666
vn -0.9624023 -0.270752 0.000813961
vn -0.9604492 -0.2780762 0.001678467
vn 0.1210327 -0.2216797 -0.9677734
vn 0.1174316 -0.2172852 -0.9692383
vn 0.1435547 -0.2492676 -0.9575195
vn 0.1029663 -0.1697998 -0.9799805
vn 0.1014404 -0.1624756 -0.9814453
vn 0.07995605 -0.08117676 -0.9936523
vn 0.07958984 -0.07983398 -0.9936523
vn 0.05627441 -0.002893448 -0.9985352
vn 0.05737305 -0.006435394 -0.9985352
vn 0.04940796 0.01922607 -0.9985352
vn 0.04940796 0.01922607 -0.9985352
vn 0.06207275 0.00535202 -0.9980469
vn 0.06207275 0.00535202 -0.9980469
vn 0.9829102 0.1665039 0.07824707
vn 0.9858398 0.1571045 0.05480957
vn 0.9829102 0.1665039 0.07824707
vn 0.9863281 0.1561279 0.05239868
vn 0.9819336 0.1893311 0.01330566
vn 0.9819336 0.1878662 0.01361084
vn 0.9604492 0.277832 -0.001642227
vn 0.9628906 0.270752 -0.0007867813
vn -0.01742554 0.05654907 0.9980469
vn -0.04025269 0.04727173 0.9980469
vn -0.01742554 0.05654907 0.9980469
vn -0.03823853 0.0480957 0.9980469
vn -0.07952881 0.07965088 0.9936523
vn -0.07995605 0.08117676 0.9936523
vn -0.1013794 0.1622314 0.9814453
vn -0.1029053 0.1694336 0.9799805
vn -0.1171265 0.2169189 0.9692383
vn -0.1210938 0.2218018 0.9677734
vn -0.1435547 0.2492676 0.9575195
vn 0.9458008 0.3251953 -0.01187897
vn 0.9326172 0.3588867 -0.03573608
vn 0.9438477 0.3303223 -0.01547241
vn 0.9628906 0.270752 -0.0007867813
vn 0.9604492 0.277832 -0.001642227
vn -0.4958496 -0.05221558 0.8666992
vn -0.5244141 -0.08868408 0.8466797
vn -0.5244141 -0.08868408 0.8466797
vn -0.4980469 -0.05493164 0.8652344
vn -0.4436035 0.0982666 0.8911133
vn -0.4414063 0.09307861 0.8925781
vn -0.4963379 0.1955566 0.8457031
vn -0.4929199 0.190918 0.8486328
vn -0.6376953 0.1917725 0.7460938
vn -0.6264648 0.1956787 0.7543945
vn -0.7138672 0.1636963 0.6806641
vn -0.7138672 0.1636963 0.6806641
vn 0.8637695 0.05584717 -0.5009766
vn 0.8833008 0.08703613 -0.4602051
vn 0.8637695 0.05584717 -0.5009766
vn 0.887207 0.09289551 -0.4523926
vn 0.9072266 0.2304688 -0.3518066
vn 0.9052734 0.2357178 -0.3535156
vn 0.8569336 0.3283691 -0.3974609
vn 0.8535156 0.3330078 -0.4003906
vn 0.7729492 0.3381348 -0.5371094
vn 0.765625 0.3347168 -0.5498047
vn 0.7094727 0.3088379 -0.6333008
vn 0.7094727 0.3088379 -0.6333008
vn 0.9560547 0.1306152 0.262207
vn 0.9560547 0.1306152 0.262207
vn 0.9560547 0.1306152 0.262207
vn 0.9560547 0.1306152 0.262207
vn 0.1463623 0.08416748 0.9858398
vn 0.1463623 0.08416748 0.9858398
vn 0.1463623 0.08416748 0.9858398
vn 0.1463623 0.08416748 0.9858398
vn -0.6235352 -0.08569336 0.7768555
vn -0.6235352 -0.08569336 0.7768555
vn -0.6235352 -0.08569336 0.7768555
vn -0.6235352 -0.08569336 0.7768555
vn 0.7705078 -0.01232147 -0.637207
vn 0.7705078 -0.01232147 -0.637207
vn 0.7705078 -0.01232147 -0.637207
vn 0.7705078 -0.01232147 -0.637207
vn 0.2298584 -0.5717773 -0.7875977
vn 0.175415 -0.6279297 -0.7583008
vn 0.02005005 -0.7597656 -0.6499023
vn 0.3791504 -0.3442383 -0.8588867
vn 0.357666 -0.3830566 -0.8515625
vn 0.4567871 -0.1900635 -0.8691406
vn 0.4587402 -0.1860352 -0.8686523
vn 0.4790039 -0.1468506 -0.8652344
vn 0.4812012 -0.1427002 -0.8647461
vn 0.4880371 -0.1300049 -0.8632813
vn 0.4880371 -0.1300049 -0.8632813
vn 0.4873047 -0.1022949 -0.8671875
vn 0.4873047 -0.1022949 -0.8671875
vn 0.4677734 -0.5673828 0.6777344
vn 0.5239258 -0.5117188 0.6811523
vn 0.3122559 -0.6923828 0.6503906
vn 0.6425781 -0.3430176 0.6850586
vn 0.6635742 -0.3049316 0.6831055
vn 0.7324219 -0.1621094 0.6611328
vn 0.730957 -0.1662598 0.6621094
vn 0.7626953 -0.08636475 0.6411133
vn 0.7587891 -0.09735107 0.644043
vn 0.7753906 -0.04629517 0.6298828
vn 0.7753906 -0.04629517 0.6298828
vn 0.7666016 -0.03692627 0.6411133
vn 0.7666016 -0.03692627 0.6411133
vn -0.5263672 0.2442627 0.8144531
vn -0.5014648 0.2032471 0.8413086
vn -0.5263672 0.2442627 0.8144531
vn -0.4956055 0.1943359 0.8466797
vn -0.4587402 0.1859131 0.8686523
vn -0.4567871 0.1899414 0.8691406
vn -0.3613281 0.3815918 0.8505859
vn -0.3818359 0.3432617 0.8579102
vn -0.1832275 0.6381836 0.7480469
vn -0.2382813 0.5732422 0.7841797
vn -0.03086853 0.7822266 0.6220703
vn -0.7924805 0.1680908 -0.5864258
vn -0.765625 0.1490479 -0.6259766
vn -0.7924805 0.1680908 -0.5864258
vn -0.7695313 0.1519775 -0.6201172
vn -0.730957 0.1661377 -0.6621094
vn -0.7324219 0.1621094 -0.6611328
vn -0.6655273 0.3039551 -0.6816406
vn -0.6450195 0.3415527 -0.6835938
vn -0.5292969 0.5126953 -0.6757813
vn -0.4707031 0.5771484 -0.6674805
vn -0.310791 0.7167969 -0.6245117
vn -0.3835449 -0.003410339 -0.9233398
vn -0.3295898 -0.05627441 -0.9423828
vn -0.3295898 -0.05627441 -0.9423828
vn -0.3735352 -0.01343536 -0.9277344
vn -0.4528809 0.1396484 -0.8803711
vn -0.4602051 0.130127 -0.8779297
vn -0.3417969 0.2358398 -0.909668
vn -0.3500977 0.2297363 -0.9082031
vn -0.2164307 0.2320557 -0.9482422
vn -0.1885986 0.2126465 -0.9589844
vn -0.1252441 0.168457 -0.9775391
vn -0.1252441 0.168457 -0.9775391
vn -0.01708984 0.05587769 0.9980469
vn -0.05154419 0.07470703 0.9960938
vn -0.01708984 0.05587769 0.9980469
vn -0.06622314 0.08270264 0.9941406
vn -0.12854 0.1591797 0.9790039
vn -0.1206055 0.1687012 0.9780273
vn 0.003910065 0.2753906 0.9614258
vn 0.01486969 0.2836914 0.9589844
vn 0.2124023 0.2871094 0.934082
vn 0.1785889 0.3005371 0.9370117
vn 0.2944336 0.2524414 0.921875
vn 0.2944336 0.2524414 0.921875
vn -0.6494141 0.3579102 0.6708984
vn -0.6494141 0.3579102 0.6708984
vn -0.6494141 0.3579102 0.6708984
vn -0.6494141 0.3579102 0.6708984
vn -0.8574219 0.3164063 -0.4055176
vn -0.8574219 0.3164063 -0.4055176
vn -0.8574219 0.3164063 -0.4055176
vn -0.8574219 0.3164063 -0.4055176
vn -0.2423096 -0.1212769 -0.9624023
vn -0.2423096 -0.1212769 -0.9624023
vn -0.2423096 -0.1212769 -0.9624023
vn -0.2423096 -0.1212769 -0.9624023
vn 0.1188965 -0.03100586 0.9921875
vn 0.1188965 -0.03100586 0.9921875
vn 0.1188965 -0.03100586 0.9921875
vn 0.1188965 -0.03100586 0.9921875
vn -0.7421875 -0.1208496 0.6591797
vn -0.7421875 -0.1208496 0.6591797
vn -0.7363281 -0.1503906 0.659668
vn -0.7358398 -0.1524658 0.659668
vn -0.7124023 -0.2512207 0.6552734
vn -0.7148438 -0.2426758 0.6557617
vn -0.6796875 -0.3588867 0.6396484
vn -0.6845703 -0.3439941 0.6425781
vn -0.6533203 -0.4191895 0.6303711
vn -0.6591797 -0.4108887 0.6298828
vn -0.6293945 -0.4511719 0.6328125
vn -0.5664063 -0.2687988 -0.7792969
vn -0.5722656 -0.260498 -0.7773438
vn -0.5424805 -0.2998047 -0.7851563
vn -0.5927734 -0.2072754 -0.7783203
vn -0.597168 -0.1922607 -0.7788086
vn -0.6245117 -0.09844971 -0.7749023
vn -0.6269531 -0.08984375 -0.7739258
vn -0.6489258 0.001517296 -0.7607422
vn -0.6484375 -0.0004987717 -0.7612305
vn -0.6547852 0.03056335 -0.7553711
vn -0.6547852 0.03056335 -0.7553711
vn -0.6450195 0.01314545 -0.7641602
vn -0.6450195 0.01314545 -0.7641602
vn 0.7602539 0.2194824 -0.6118164
vn 0.7460938 0.2075195 -0.6328125
vn 0.7602539 0.2194824 -0.6118164
vn 0.7460938 0.2073975 -0.6328125
vn 0.7124023 0.2512207 -0.6552734
vn 0.7148438 0.2424316 -0.6557617
vn 0.6801758 0.3583984 -0.6396484
vn 0.6845703 0.34375 -0.6425781
vn 0.652832 0.4194336 -0.6303711
vn 0.6591797 0.4106445 -0.6298828
vn 0.6293945 0.4511719 -0.6328125
vn 0.6748047 0.06530762 0.7348633
vn 0.659668 0.05395508 0.7495117
vn 0.6748047 0.06530762 0.7348633
vn 0.659668 0.05392456 0.7495117
vn 0.6269531 0.08966064 0.7739258
vn 0.6245117 0.09838867 0.7749023
vn 0.597168 0.1920166 0.7788086
vn 0.5927734 0.2069092 0.7783203
vn 0.5727539 0.2602539 0.7773438
vn 0.5664063 0.2687988 0.7792969
vn 0.5424805 0.2998047 0.7851563
vn 0.2397461 -0.07885742 0.9677734
vn 0.2072754 -0.1225586 0.9707031
vn 0.2072754 -0.1225586 0.9707031
vn 0.2406006 -0.07757568 0.9672852
vn 0.295166 0.1081543 0.9492188
vn 0.2937012 0.1117554 0.9492188
vn 0.2250977 0.2270508 0.9472656
vn 0.2215576 0.2314453 0.9472656
vn 0.06750488 0.2315674 0.9707031
vn 0.05371094 0.2269287 0.9726563
vn -0.0447998 0.1922607 0.9804688
vn -0.0447998 0.1922607 0.9804688
vn 0.2770996 0.0826416 -0.9575195
vn 0.3220215 0.1243896 -0.9384766
vn 0.2770996 0.0826416 -0.9575195
vn 0.3242188 0.1264648 -0.9375
vn 0.4055176 0.3054199 -0.8618164
vn 0.4069824 0.3017578 -0.8623047
vn 0.3317871 0.4226074 -0.8432617
vn 0.3352051 0.418457 -0.8442383
vn 0.1682129 0.4257813 -0.8891602
vn 0.1816406 0.4296875 -0.8842773
vn 0.07183838 0.3947754 -0.9160156
vn 0.07183838 0.3947754 -0.9160156
vn 0.8691406 0.1733398 -0.4633789
vn 0.8691406 0.1733398 -0.4633789
vn 0.8691406 0.1733398 -0.4633789
vn 0.8691406 0.1733398 -0.4633789
vn 0.7832031 0.1018066 0.6137695
vn 0.7832031 0.1018066 0.6137695
vn 0.7832031 0.1018066 0.6137695
vn 0.7832031 0.1018066 0.6137695
vn 0.08746338 -0.1193848 0.9887695
vn 0.08746338 -0.1193848 0.9887695
vn 0.08746338 -0.1193848 0.9887695
vn 0.08746338 -0.1193848 0.9887695
vn -0.7392578 -0.06494141 0.6704102
vn -0.7392578 -0.06494141 0.6704102
vn -0.7392578 -0.06494141 0.6704102
vn -0.7392578 -0.06494141 0.6704102
vn 0.1157227 -0.003749847 -0.9931641
vn 0.1157227 -0.003749847 -0.9931641
vn 0.1157227 -0.003749847 -0.9931641
vn 0.1157227 -0.003749847 -0.9931641
vn 0.9394531 -0.1654053 -0.3000488
vn 0.9394531 -0.1654053 -0.3000488
vn 0.9335938 -0.199707 -0.296875
vn 0.9331055 -0.2023926 -0.2966309
vn 0.9038086 -0.3066406 -0.2983398
vn 0.9072266 -0.2980957 -0.2973633
vn 0.859375 -0.4106445 -0.3041992
vn 0.8662109 -0.3964844 -0.3041992
vn 0.8266602 -0.4685059 -0.3112793
vn 0.8325195 -0.4609375 -0.307373
vn 0.8041992 -0.4980469 -0.3249512
vn 0.2536621 -0.03427124 0.9667969
vn 0.2536621 -0.03427124 0.9667969
vn 0.2473145 -0.06890869 0.9663086
vn 0.2478027 -0.06628418 0.9663086
vn 0.2207031 -0.1619873 0.9619141
vn 0.2175293 -0.1702881 0.9609375
vn 0.1838379 -0.2612305 0.9477539
vn 0.1789551 -0.2756348 0.9443359
vn 0.1569824 -0.3269043 0.9321289
vn 0.1501465 -0.3344727 0.9301758
vn 0.1234741 -0.3630371 0.9233398
vn -0.9467773 0.2432861 0.2110596
vn -0.9370117 0.2460938 0.2478027
vn -0.9467773 0.2432861 0.2110596
vn -0.9370117 0.2460938 0.2485352
vn -0.9038086 0.3063965 0.2983398
vn -0.9072266 0.2978516 0.2973633
vn -0.8598633 0.4104004 0.3041992
vn -0.8662109 0.3962402 0.3041992
vn -0.8266602 0.46875 0.3112793
vn -0.8325195 0.4604492 0.307373
vn -0.8041992 0.4980469 0.3249512
vn -0.328125 0.128418 -0.9360352
vn -0.2875977 0.121521 -0.9501953
vn -0.328125 0.128418 -0.9360352
vn -0.2885742 0.1217041 -0.949707
vn -0.2207031 0.1617432 -0.9619141
vn -0.2175293 0.1702881 -0.9609375
vn -0.18396 0.2609863 -0.9477539
vn -0.1790771 0.2753906 -0.9443359
vn -0.1572266 0.326416 -0.9321289
vn -0.1500244 0.3344727 -0.9301758
vn -0.1234741 0.3630371 -0.9233398
vn 0.09838867 -0.006919861 -0.9951172
vn 0.08184814 -0.06750488 -0.9941406
vn 0.08184814 -0.06750488 -0.9941406
vn 0.09832764 -0.007030487 -0.9951172
vn 0.1546631 0.1517334 -0.9760742
vn 0.1563721 0.1551514 -0.9755859
vn 0.2259521 0.2634277 -0.9379883
vn 0.2294922 0.267334 -0.9360352
vn 0.3779297 0.253418 -0.890625
vn 0.390625 0.2474365 -0.8867188
vn 0.4799805 0.2037354 -0.8535156
vn 0.4799805 0.2037354 -0.8535156
vn -0.7895508 0.1050415 0.6044922
vn -0.7763672 0.1644287 0.6083984
vn -0.7895508 0.1050415 0.6044922
vn -0.7753906 0.168457 0.6083984
vn -0.7133789 0.3276367 0.6191406
vn -0.715332 0.3242188 0.6191406
vn -0.6298828 0.4379883 0.6411133
vn -0.6337891 0.434082 0.6401367
vn -0.5029297 0.4248047 0.7529297
vn -0.5126953 0.4299316 0.7431641
vn -0.4304199 0.3842773 0.8168945
vn -0.4304199 0.3842773 0.8168945
vn -0.9482422 0.3071289 0.08056641
vn -0.9482422 0.3071289 0.08056641
vn -0.9482422 0.3071289 0.08056641
vn -0.9482422 0.3071289 0.08056641
vn -0.4812012 0.2052002 -0.8520508
vn -0.4812012 0.2052002 -0.8520508
vn -0.4812012 0.2052002 -0.8520508
vn -0.4812012 0.2052002 -0.8520508
vn 0.2565918 -0.2075195 -0.9438477
vn 0.2565918 -0.2075195 -0.9438477
vn 0.2565918 -0.2075195 -0.9438477
vn 0.2565918 -0.2075195 -0.9438477
vn 0.9516602 -0.02119446 -0.3066406
vn 0.9516602 -0.02119446 -0.3066406
vn 0.9516602 -0.02119446 -0.3066406
vn 0.9516602 -0.02119446 -0.3066406
vn -0.4606934 -0.02793884 0.887207
vn -0.4606934 -0.02793884 0.887207
vn -0.4606934 -0.02793884 0.887207
vn -0.4606934 -0.02793884 0.887207
vn 0.2624512 0.07342529 0.9624023
vn 0.2624512 0.07342529 0.9624023
vn 0.2624512 0.07342529 0.9624023
vn 0.2624512 0.07342529 0.9624023
vn -0.6669922 -0.05914307 0.7426758
vn -0.6669922 -0.05914307 0.7426758
vn -0.6826172 -0.1135864 0.7216797
vn -0.6845703 -0.1201782 0.7192383
vn -0.6816406 -0.2651367 0.6821289
vn -0.6845703 -0.2565918 0.6821289
vn -0.6337891 -0.3735352 0.6772461
vn -0.640625 -0.359375 0.6782227
vn -0.5981445 -0.4299316 0.6762695
vn -0.6054688 -0.4228516 0.6743164
vn -0.5703125 -0.4572754 0.6826172
vn -0.5019531 -0.4467773 -0.7407227
vn -0.5087891 -0.4394531 -0.7402344
vn -0.4731445 -0.4743652 -0.7426758
vn -0.5371094 -0.3903809 -0.7480469
vn -0.543457 -0.3764648 -0.7504883
vn -0.581543 -0.2783203 -0.7641602
vn -0.5849609 -0.2692871 -0.7651367
vn -0.637207 -0.1004028 -0.7641602
vn -0.6328125 -0.1159668 -0.7651367
vn -0.65625 -0.02304077 -0.7543945
vn -0.65625 -0.02304077 -0.7543945
vn -0.6606445 0.02412415 -0.7504883
vn -0.6606445 0.02412415 -0.7504883
vn 0.746582 0.1917725 -0.637207
vn 0.7294922 0.2017822 -0.6538086
vn 0.746582 0.1917725 -0.637207
vn 0.7285156 0.2022705 -0.6542969
vn 0.6826172 0.2709961 -0.6787109
vn 0.6860352 0.2626953 -0.6782227
vn 0.6337891 0.373291 -0.6772461
vn 0.640625 0.3591309 -0.6782227
vn 0.5981445 0.4299316 -0.6762695
vn 0.6054688 0.4223633 -0.6743164
vn 0.5703125 0.4572754 -0.6826172
vn 0.6508789 0.2037354 0.7314453
vn 0.6318359 0.2164307 0.7441406
vn 0.6508789 0.2037354 0.7314453
vn 0.6328125 0.2159424 0.7436523
vn 0.5883789 0.2797852 0.7587891
vn 0.5844727 0.2880859 0.7583008
vn 0.543457 0.3762207 0.7504883
vn 0.5371094 0.3901367 0.7480469
vn 0.5092773 0.439209 0.7402344
vn 0.5014648 0.4467773 0.7407227
vn 0.4731445 0.4743652 0.7426758
vn 0.3210449 0.1151123 0.9399414
vn 0.3391113 0.05493164 0.9389648
vn 0.3391113 0.05493164 0.9389648
vn 0.3210449 0.1149902 0.9399414
vn 0.253418 0.2700195 0.9287109
vn 0.2514648 0.2731934 0.9287109
vn 0.166626 0.3759766 0.9116211
vn 0.1624756 0.3793945 0.9106445
vn 0.009567261 0.359375 0.9331055
vn -0.003437042 0.3530273 0.9355469
vn -0.09588623 0.3051758 0.9472656
vn -0.09588623 0.3051758 0.9472656
vn 0.1486816 -0.05487061 -0.9873047
vn 0.1906738 -0.0189209 -0.9814453
vn 0.1486816 -0.05487061 -0.9873047
vn 0.1993408 -0.01143646 -0.9799805
vn 0.3757324 0.2519531 -0.8920898
vn 0.3776855 0.2485352 -0.8920898
vn 0.2849121 0.3581543 -0.8891602
vn 0.2890625 0.3544922 -0.8891602
vn 0.1239014 0.3308105 -0.9355469
vn 0.1364746 0.3374023 -0.9316406
vn 0.03381348 0.2827148 -0.9584961
vn 0.03381348 0.2827148 -0.9584961
vn 0.8295898 0.2080078 -0.5180664
vn 0.8295898 0.2080078 -0.5180664
vn 0.8295898 0.2080078 -0.5180664
vn 0.8295898 0.2080078 -0.5180664
vn 0.7397461 0.2144775 0.6376953
vn 0.7397461 0.2144775 0.6376953
vn 0.7397461 0.2144775 0.6376953
vn 0.7397461 0.2144775 0.6376953
vn 0.06707764 -0.1148682 0.9912109
vn 0.06707764 -0.1148682 0.9912109
vn 0.06707764 -0.1148682 0.9912109
vn 0.06707764 -0.1148682 0.9912109
vn -0.6723633 0.1580811 0.7231445
vn -0.6723633 0.1580811 0.7231445
vn -0.6723633 0.1580811 0.7231445
vn -0.6723633 0.1580811 0.7231445
vn 0.06292725 -0.1420898 -0.987793
vn 0.06292725 -0.1420898 -0.987793
vn 0.06292725 -0.1420898 -0.987793
vn 0.06292725 -0.1420898 -0.987793
vn -0.4921875 -0.1084595 0.8637695
vn -0.4921875 -0.1084595 0.8637695
vn -0.5078125 -0.1772461 0.8427734
vn -0.5058594 -0.166626 0.8466797
vn -0.5307617 -0.2966309 0.7939453
vn -0.5322266 -0.3046875 0.7900391
vn -0.5424805 -0.3903809 0.7441406
vn -0.5429688 -0.4040527 0.7363281
vn -0.546875 -0.451416 0.7050781
vn -0.550293 -0.4580078 0.6977539
vn -0.5629883 -0.4836426 0.6704102
vn 0.8173828 -0.4782715 0.3208008
vn 0.8164063 -0.4851074 0.3132324
vn 0.8115234 -0.5107422 0.2832031
vn 0.8359375 -0.4174805 0.355957
vn 0.8320313 -0.4309082 0.3493652
vn 0.8554688 -0.3239746 0.4035645
vn 0.8544922 -0.3317871 0.3996582
vn 0.8671875 -0.1691895 0.46875
vn 0.8666992 -0.1577148 0.4729004
vn 0.8623047 -0.0723877 0.5009766
vn 0.8623047 -0.0723877 0.5009766
vn 0.871582 -0.06323242 0.4863281
vn 0.871582 -0.06323242 0.4863281
vn -0.7949219 0.3125 -0.5205078
vn -0.8266602 0.296875 -0.4780273
vn -0.7949219 0.3125 -0.5205078
vn -0.8271484 0.2966309 -0.4775391
vn -0.8544922 0.3317871 -0.3996582
vn -0.8554688 0.3237305 -0.4038086
vn -0.8320313 0.4306641 -0.3493652
vn -0.8359375 0.4172363 -0.3562012
vn -0.8164063 0.4851074 -0.3129883
vn -0.8173828 0.4777832 -0.3210449
vn -0.8115234 0.5107422 -0.2832031
vn 0.411377 0.2944336 -0.862793
vn 0.4633789 0.2744141 -0.8427734
vn 0.411377 0.2944336 -0.862793
vn 0.4626465 0.2746582 -0.8427734
vn 0.5307617 0.2963867 -0.7939453
vn 0.5322266 0.3044434 -0.7900391
vn 0.5419922 0.3901367 -0.7441406
vn 0.5429688 0.4035645 -0.7363281
vn 0.546875 0.4511719 -0.7050781
vn 0.550293 0.458252 -0.6977539
vn 0.5629883 0.4836426 -0.6704102
vn 0.8193359 0.06069946 -0.5703125
vn 0.8237305 0.02432251 -0.5664063
vn 0.8237305 0.02432251 -0.5664063
vn 0.8198242 0.05795288 -0.5698242
vn 0.8022461 0.2609863 -0.5366211
vn 0.8027344 0.2641602 -0.534668
vn 0.8198242 0.3615723 -0.4438477
vn 0.8208008 0.3647461 -0.4394531
vn 0.8920898 0.3344727 -0.3041992
vn 0.8984375 0.3271484 -0.2932129
vn 0.9379883 0.2734375 -0.2127686
vn 0.9379883 0.2734375 -0.2127686
vn -0.9599609 -0.04776001 0.2753906
vn -0.9799805 0.01620483 0.1982422
vn -0.9780273 0.007614136 0.2087402
vn -0.9599609 -0.04776001 0.2753906
vn -0.9614258 -0.07263184 0.265625
vn -0.9614258 -0.07263184 0.265625
vn -0.9545898 0.2956543 -0.04266357
vn -0.9174805 0.395752 0.04522705
vn -0.9155273 0.3989258 0.04931641
vn -0.9536133 0.2988281 -0.04058838
vn -0.9799805 0.01620483 0.1982422
vn -0.9780273 0.007614136 0.2087402
vn -0.9067383 0.369873 0.2021484
vn -0.9008789 0.3095703 0.3049316
vn -0.9008789 0.3095703 0.3049316
vn -0.9067383 0.362793 0.2149658
vn -0.9174805 0.395752 0.04522705
vn -0.9155273 0.3989258 0.04931641
vn -0.6845703 0.328125 -0.6508789
vn -0.6845703 0.328125 -0.6508789
vn -0.6845703 0.328125 -0.6508789
vn -0.6845703 0.328125 -0.6508789
vn 0.1505127 0.279541 -0.9482422
vn 0.1505127 0.279541 -0.9482422
vn 0.1505127 0.279541 -0.9482422
vn 0.1505127 0.279541 -0.9482422
vn 0.8876953 -0.1784668 -0.4240723
vn 0.8876953 -0.1784668 -0.4240723
vn 0.8876953 -0.1784668 -0.4240723
vn 0.8876953 -0.1784668 -0.4240723
vn -0.4716797 0.05783081 0.8798828
vn -0.4716797 0.05783081 0.8798828
vn -0.4716797 0.05783081 0.8798828
vn -0.4716797 0.05783081 0.8798828
vn -0.5297852 0.04299927 -0.847168
vn -0.5297852 0.04299927 -0.847168
vn -0.5395508 -0.02296448 -0.8417969
vn -0.5405273 -0.0302887 -0.8408203
vn -0.5546875 -0.1779785 -0.8129883
vn -0.5541992 -0.1693115 -0.8149414
vn -0.5556641 -0.2866211 -0.7802734
vn -0.5566406 -0.2717285 -0.7851563
vn -0.5576172 -0.3479004 -0.7539063
vn -0.5551758 -0.3395996 -0.7592773
vn -0.5668945 -0.3793945 -0.7314453
vn 0.847168 -0.0005726814 -0.53125
vn 0.847168 -0.0005726814 -0.53125
vn 0.8510742 -0.0552063 -0.5224609
vn 0.8505859 -0.04840088 -0.5234375
vn 0.8510742 -0.1691895 -0.4970703
vn 0.8505859 -0.1778564 -0.494873
vn 0.840332 -0.2717285 -0.4689941
vn 0.8374023 -0.2866211 -0.4650879
vn 0.828125 -0.3395996 -0.4462891
vn 0.8276367 -0.3479004 -0.4401855
vn 0.8261719 -0.3793945 -0.4160156
vn 0.4494629 0.09655762 0.8881836
vn 0.4846191 0.1184082 0.8666992
vn 0.4494629 0.09655762 0.8881836
vn 0.4863281 0.1195679 0.8657227
vn 0.543457 0.1928711 0.8168945
vn 0.5410156 0.1856689 0.8203125
vn 0.5556641 0.286377 0.7802734
vn 0.5566406 0.2714844 0.7851563
vn 0.5576172 0.3479004 0.7539063
vn 0.5551758 0.3391113 0.7597656
vn 0.5668945 0.3793945 0.7314453
vn -0.8105469 0.0836792 0.5795898
vn -0.8266602 0.1082153 0.5527344
vn -0.8105469 0.0836792 0.5795898
vn -0.8256836 0.1072998 0.5537109
vn -0.8452148 0.1798096 0.503418
vn -0.8452148 0.1881104 0.4997559
vn -0.840332 0.2714844 0.4692383
vn -0.8374023 0.286377 0.4650879
vn -0.828125 0.3391113 0.4465332
vn -0.8276367 0.3479004 0.4401855
vn -0.8261719 0.3793945 0.4160156
vn -0.9892578 0.01570129 0.1459961
vn -0.9902344 -0.0247345 0.1380615
vn -0.9902344 -0.0247345 0.1380615
vn -0.9892578 0.0138092 0.1456299
vn -0.9677734 0.2071533 0.1420898
vn -0.9672852 0.2106934 0.140625
vn -0.9423828 0.3254395 0.07568359
vn -0.9414063 0.329834 0.07232666
vn -0.9394531 0.3330078 -0.08343506
vn -0.9394531 0.3286133 -0.09741211
vn 0.9594727 -0.05673218 0.2763672
vn 0.9355469 -0.009643555 0.3530273
vn 0.9594727 -0.05673218 0.2763672
vn 0.9321289 -0.003883362 0.3620605
vn 0.8125 0.2108154 0.5439453
vn 0.8120117 0.2072754 0.5454102
vn 0.8183594 0.329834 0.470459
vn 0.8178711 0.3254395 0.4741211
vn 0.8896484 0.3286133 0.3164063
vn 0.8837891 0.3330078 0.3291016
vn 0.9287109 0.2954102 0.2249756
vn 0.9287109 0.2954102 0.2249756
vn -0.9350586 0.2954102 -0.1966553
vn -0.9394531 0.3330078 -0.08343506
vn -0.9394531 0.3286133 -0.09741211
vn -0.9350586 0.2954102 -0.1966553
vn 0.3742676 0.02685547 0.9267578
vn 0.3742676 0.02685547 0.9267578
vn 0.3742676 0.02685547 0.9267578
vn 0.3742676 0.02685547 0.9267578
vn -0.7788086 0.03059387 0.6264648
vn -0.7788086 0.03059387 0.6264648
vn -0.7788086 0.03059387 0.6264648
vn -0.7788086 0.03059387 0.6264648
vn -0.987793 -0.1450195 0.05957031
vn -0.987793 -0.1450195 0.05957031
vn -0.987793 -0.1450195 0.05957031
vn -0.987793 -0.1450195 0.05957031
vn -0.5327148 0.1323242 -0.8359375
vn -0.5327148 0.1323242 -0.8359375
vn -0.5327148 0.1323242 -0.8359375
vn -0.5327148 0.1323242 -0.8359375
vn 0.9863281 -0.1204834 0.1129761
vn 0.9863281 -0.1204834 0.1129761
vn 0.9863281 -0.1204834 0.1129761
vn 0.9863281 -0.1204834 0.1129761
vn 0.8486328 0.0758667 -0.5234375
vn 0.8486328 0.0758667 -0.5234375
vn 0.8486328 0.0758667 -0.5234375
vn 0.8486328 0.0758667 -0.5234375
vn 0.2496338 -0.2634277 -0.9316406
vn 0.2496338 -0.2634277 -0.9316406
vn 0.2358398 -0.2939453 -0.9262695
vn 0.234375 -0.2971191 -0.9257813
vn 0.1895752 -0.390625 -0.9008789
vn 0.1934814 -0.3830566 -0.9033203
vn 0.1425781 -0.4863281 -0.8623047
vn 0.1486816 -0.4731445 -0.8681641
vn 0.1091309 -0.5380859 -0.8359375
vn 0.1165771 -0.5317383 -0.8388672
vn 0.08032227 -0.5620117 -0.8232422
vn 0.9384766 -0.1575928 0.3076172
vn 0.9384766 -0.1575928 0.3076172
vn 0.9243164 -0.2026367 0.3239746
vn 0.925293 -0.1994629 0.322998
vn 0.8828125 -0.3029785 0.3591309
vn 0.8789063 -0.3105469 0.3618164
vn 0.8339844 -0.3937988 0.3867188
vn 0.8261719 -0.4069824 0.3898926
vn 0.7949219 -0.4528809 0.4035645
vn 0.7885742 -0.4589844 0.4089355
vn 0.7636719 -0.482666 0.4284668
vn -0.3725586 0.3242188 0.8696289
vn -0.3183594 0.3569336 0.878418
vn -0.3725586 0.3242188 0.8696289
vn -0.3117676 0.3605957 0.8789063
vn -0.2043457 0.4216309 0.8833008
vn -0.2111816 0.4177246 0.8837891
vn -0.1427002 0.486084 0.8623047
vn -0.1488037 0.4731445 0.8681641
vn -0.1090698 0.5380859 0.8359375
vn -0.1168823 0.53125 0.8393555
vn -0.08032227 0.5620117 0.8232422
vn -0.9414063 0.2590332 -0.2155762
vn -0.9223633 0.2775879 -0.2683105
vn -0.9414063 0.2590332 -0.2155762
vn -0.9248047 0.2756348 -0.2629395
vn -0.8798828 0.3254395 -0.3464355
vn -0.8754883 0.331543 -0.3515625
vn -0.8339844 0.3935547 -0.3867188
vn -0.8261719 0.4067383 -0.3896484
vn -0.7954102 0.4523926 -0.4033203
vn -0.7885742 0.4589844 -0.4089355
vn -0.7636719 0.482666 -0.4284668
vn -0.6655273 0.02684021 -0.7460938
vn -0.6210938 -0.05471802 -0.7817383
vn -0.6210938 -0.05471802 -0.7817383
vn -0.6650391 0.02589417 -0.746582
vn -0.6933594 0.2429199 -0.6782227
vn -0.6914063 0.2459717 -0.6791992
vn -0.6040039 0.3383789 -0.7216797
vn -0.5996094 0.3415527 -0.7236328
vn -0.4846191 0.302002 -0.8208008
vn -0.4755859 0.2939453 -0.8291016
vn -0.4074707 0.2348633 -0.8823242
vn -0.4074707 0.2348633 -0.8823242
vn 0.0645752 0.1491699 0.9868164
vn 0.08843994 0.1914063 0.9775391
vn 0.0645752 0.1491699 0.9868164
vn 0.09069824 0.1954346 0.9765625
vn 0.1812744 0.3474121 0.9199219
vn 0.1793213 0.3444824 0.9213867
vn 0.2634277 0.4418945 0.8574219
vn 0.2597656 0.4387207 0.8603516
vn 0.421875 0.3981934 0.8144531
vn 0.409668 0.4060059 0.8168945
vn 0.5068359 0.3410645 0.7919922
vn 0.5068359 0.3410645 0.7919922
vn -0.4199219 0.255127 0.8710938
vn -0.4199219 0.255127 0.8710938
vn -0.4199219 0.255127 0.8710938
vn -0.4199219 0.255127 0.8710938
vn -0.9692383 0.2020264 -0.1390381
vn -0.9692383 0.2020264 -0.1390381
vn -0.9692383 0.2020264 -0.1390381
vn -0.9692383 0.2020264 -0.1390381
vn -0.5185547 -0.1651611 -0.8388672
vn -0.5185547 -0.1651611 -0.8388672
vn -0.5185547 -0.1651611 -0.8388672
vn -0.5185547 -0.1651611 -0.8388672
vn 0.2966309 -0.05508423 -0.9536133
vn 0.2966309 -0.05508423 -0.9536133
vn 0.2966309 -0.05508423 -0.9536133
vn 0.2966309 -0.05508423 -0.9536133
vn 0.3212891 -0.06561279 0.9448242
vn 0.3212891 -0.06561279 0.9448242
vn 0.3212891 -0.06561279 0.9448242
vn 0.3212891 -0.06561279 0.9448242
vn 0.9604492 -0.007728577 0.2783203
vn 0.9604492 -0.007728577 0.2783203
vn 0.9604492 -0.007728577 0.2783203
vn 0.9604492 -0.007728577 0.2783203
g Grass_03_0
f 3/3/3 2/2/2 1/1/1
f 4/4/4 3/3/3 1/1/1
f 5/5/5 3/3/3 4/4/4
f 6/6/6 5/5/5 4/4/4
f 7/7/7 5/5/5 6/6/6
f 8/8/8 7/7/7 6/6/6
f 9/9/9 7/7/7 8/8/8
f 10/10/10 9/9/9 8/8/8
f 11/11/11 9/9/9 10/10/10
f 14/14/14 13/13/13 12/12/12
f 12/12/12 13/13/13 15/15/15
f 13/13/13 16/16/16 15/15/15
f 15/15/15 16/16/16 17/17/17
f 16/16/16 18/18/18 17/17/17
f 17/17/17 18/18/18 19/19/19
f 18/18/18 20/20/20 19/19/19
f 19/19/19 20/20/20 21/21/21
f 20/20/20 22/22/22 21/21/21
f 22/22/22 23/23/23 21/21/21
f 23/23/23 24/24/24 21/21/21
f 27/27/27 26/26/26 25/25/25
f 26/26/26 28/28/28 25/25/25
f 26/26/26 29/29/29 28/28/28
f 29/29/29 30/30/30 28/28/28
f 29/29/29 31/31/31 30/30/30
f 31/31/31 32/32/32 30/30/30
f 31/31/31 33/33/33 32/32/32
f 33/33/33 34/34/34 32/32/32
f 33/33/33 35/35/35 34/34/34
f 38/38/38 37/37/37 36/36/36
f 37/37/37 39/39/39 36/36/36
f 37/37/37 40/40/40 39/39/39
f 40/40/40 41/41/41 39/39/39
f 40/40/40 42/42/42 41/41/41
f 42/42/42 43/43/43 41/41/41
f 42/42/42 44/44/44 43/43/43
f 44/44/44 45/45/45 43/43/43
f 44/44/44 46/46/46 45/45/45
f 49/49/49 48/48/48 47/47/47
f 50/50/50 49/49/49 47/47/47
f 50/50/50 47/47/47 51/51/51
f 52/52/52 50/50/50 51/51/51
f 52/52/52 51/51/51 53/53/53
f 54/54/54 52/52/52 53/53/53
f 54/54/54 53/53/53 55/55/55
f 56/56/56 54/54/54 55/55/55
f 56/56/56 55/55/55 57/57/57
f 58/58/58 56/56/56 57/57/57
f 61/61/61 60/60/60 59/59/59
f 60/60/60 62/62/62 59/59/59
f 60/60/60 63/63/63 62/62/62
f 63/63/63 64/64/64 62/62/62
f 63/63/63 65/65/65 64/64/64
f 65/65/65 66/66/66 64/64/64
f 65/65/65 67/67/67 66/66/66
f 67/67/67 68/68/68 66/66/66
f 67/67/67 69/69/69 68/68/68
f 69/69/69 70/70/70 68/68/68
f 73/73/73 72/72/72 71/71/71
f 74/74/74 73/73/73 71/71/71
f 77/77/77 76/76/76 75/75/75
f 78/78/78 77/77/77 75/75/75
f 81/81/81 80/80/80 79/79/79
f 82/82/82 81/81/81 79/79/79
f 85/85/85 84/84/84 83/83/83
f 86/86/86 85/85/85 83/83/83
f 89/89/89 88/88/88 87/87/87
f 90/90/90 89/89/89 87/87/87
f 93/93/93 92/92/92 91/91/91
f 94/94/94 93/93/93 91/91/91
f 95/95/95 93/93/93 94/94/94
f 96/96/96 95/95/95 94/94/94
f 97/97/97 95/95/95 96/96/96
f 98/98/98 97/97/97 96/96/96
f 99/99/99 97/97/97 98/98/98
f 100/100/100 99/99/99 98/98/98
f 101/101/101 99/99/99 100/100/100
f 104/104/104 103/103/103 102/102/102
f 102/102/102 103/103/103 105/105/105
f 103/103/103 106/106/106 105/105/105
f 105/105/105 106/106/106 107/107/107
f 106/106/106 108/108/108 107/107/107
f 107/107/107 108/108/108 109/109/109
f 108/108/108 110/110/110 109/109/109
f 109/109/109 110/110/110 111/111/111
f 110/110/110 112/112/112 111/111/111
f 112/112/112 113/113/113 111/111/111
f 113/113/113 114/114/114 111/111/111
f 117/117/117 116/116/116 115/115/115
f 116/116/116 118/118/118 115/115/115
f 116/116/116 119/119/119 118/118/118
f 119/119/119 120/120/120 118/118/118
f 119/119/119 121/121/121 120/120/120
f 121/121/121 122/122/122 120/120/120
f 121/121/121 123/123/123 122/122/122
f 123/123/123 124/124/124 122/122/122
f 123/123/123 125/125/125 124/124/124
f 128/128/128 127/127/127 126/126/126
f 127/127/127 129/129/129 126/126/126
f 127/127/127 130/130/130 129/129/129
f 130/130/130 131/131/131 129/129/129
f 130/130/130 132/132/132 131/131/131
f 132/132/132 133/133/133 131/131/131
f 132/132/132 134/134/134 133/133/133
f 134/134/134 135/135/135 133/133/133
f 134/134/134 136/136/136 135/135/135
f 139/139/139 138/138/138 137/137/137
f 140/140/140 139/139/139 137/137/137
f 140/140/140 137/137/137 141/141/141
f 142/142/142 140/140/140 141/141/141
f 142/142/142 141/141/141 143/143/143
f 144/144/144 142/142/142 143/143/143
f 144/144/144 143/143/143 145/145/145
f 146/146/146 144/144/144 145/145/145
f 146/146/146 145/145/145 147/147/147
f 148/148/148 146/146/146 147/147/147
f 151/151/151 150/150/150 149/149/149
f 150/150/150 152/152/152 149/149/149
f 150/150/150 153/153/153 152/152/152
f 153/153/153 154/154/154 152/152/152
f 153/153/153 155/155/155 154/154/154
f 155/155/155 156/156/156 154/154/154
f 155/155/155 157/157/157 156/156/156
f 157/157/157 158/158/158 156/156/156
f 157/157/157 159/159/159 158/158/158
f 159/159/159 160/160/160 158/158/158
f 163/163/163 162/162/162 161/161/161
f 164/164/164 163/163/163 161/161/161
f 167/167/167 166/166/166 165/165/165
f 168/168/168 167/167/167 165/165/165
f 171/171/171 170/170/170 169/169/169
f 172/172/172 171/171/171 169/169/169
f 175/175/175 174/174/174 173/173/173
f 176/176/176 175/175/175 173/173/173
f 179/179/179 178/178/178 177/177/177
f 180/180/180 179/179/179 177/177/177
f 183/183/183 182/182/182 181/181/181
f 181/181/181 182/182/182 184/184/184
f 182/182/182 185/185/185 184/184/184
f 184/184/184 185/185/185 186/186/186
f 185/185/185 187/187/187 186/186/186
f 186/186/186 187/187/187 188/188/188
f 187/187/187 189/189/189 188/188/188
f 188/188/188 189/189/189 190/190/190
f 189/189/189 191/191/191 190/190/190
f 191/191/191 192/192/192 190/190/190
f 192/192/192 193/193/193 190/190/190
f 196/196/196 195/195/195 194/194/194
f 194/194/194 195/195/195 197/197/197
f 195/195/195 198/198/198 197/197/197
f 197/197/197 198/198/198 199/199/199
f 198/198/198 200/200/200 199/199/199
f 199/199/199 200/200/200 201/201/201
f 200/200/200 202/202/202 201/201/201
f 201/201/201 202/202/202 203/203/203
f 202/202/202 204/204/204 203/203/203
f 204/204/204 205/205/205 203/203/203
f 205/205/205 206/206/206 203/203/203
f 209/209/209 208/208/208 207/207/207
f 208/208/208 210/210/210 207/207/207
f 208/208/208 211/211/211 210/210/210
f 211/211/211 212/212/212 210/210/210
f 211/211/211 213/213/213 212/212/212
f 213/213/213 214/214/214 212/212/212
f 213/213/213 215/215/215 214/214/214
f 215/215/215 216/216/216 214/214/214
f 215/215/215 217/217/217 216/216/216
f 220/220/220 219/219/219 218/218/218
f 219/219/219 221/221/221 218/218/218
f 219/219/219 222/222/222 221/221/221
f 222/222/222 223/223/223 221/221/221
f 222/222/222 224/224/224 223/223/223
f 224/224/224 225/225/225 223/223/223
f 224/224/224 226/226/226 225/225/225
f 226/226/226 227/227/227 225/225/225
f 226/226/226 228/228/228 227/227/227
f 231/231/231 230/230/230 229/229/229
f 232/232/232 231/231/231 229/229/229
f 232/232/232 229/229/229 233/233/233
f 234/234/234 232/232/232 233/233/233
f 234/234/234 233/233/233 235/235/235
f 236/236/236 234/234/234 235/235/235
f 236/236/236 235/235/235 237/237/237
f 238/238/238 236/236/236 237/237/237
f 241/241/241 240/240/240 239/239/239
f 240/240/240 242/242/242 239/239/239
f 240/240/240 243/243/243 242/242/242
f 243/243/243 244/244/244 242/242/242
f 243/243/243 245/245/245 244/244/244
f 245/245/245 246/246/246 244/244/244
f 245/245/245 247/247/247 246/246/246
f 247/247/247 248/248/248 246/246/246
f 247/247/247 249/249/249 248/248/248
f 249/249/249 250/250/250 248/248/248
f 253/253/253 252/252/252 251/251/251
f 254/254/254 253/253/253 251/251/251
f 257/257/257 256/256/256 255/255/255
f 258/258/258 257/257/257 255/255/255
f 261/261/261 260/260/260 259/259/259
f 262/262/262 261/261/261 259/259/259
f 265/265/265 264/264/264 263/263/263
f 266/266/266 265/265/265 263/263/263
f 269/269/269 268/268/268 267/267/267
f 270/270/270 269/269/269 267/267/267
f 273/273/273 272/272/272 271/271/271
f 274/274/274 273/273/273 271/271/271
f 275/275/275 273/273/273 274/274/274
f 276/276/276 275/275/275 274/274/274
f 277/277/277 275/275/275 276/276/276
f 278/278/278 277/277/277 276/276/276
f 279/279/279 277/277/277 278/278/278
f 280/280/280 279/279/279 278/278/278
f 281/281/281 279/279/279 280/280/280
f 284/284/284 283/283/283 282/282/282
f 285/285/285 284/284/284 282/282/282
f 286/286/286 284/284/284 285/285/285
f 287/287/287 286/286/286 285/285/285
f 288/288/288 286/286/286 287/287/287
f 289/289/289 288/288/288 287/287/287
f 290/290/290 288/288/288 289/289/289
f 291/291/291 290/290/290 289/289/289
f 292/292/292 290/290/290 291/291/291
f 295/295/295 294/294/294 293/293/293
f 294/294/294 296/296/296 293/293/293
f 294/294/294 297/297/297 296/296/296
f 297/297/297 298/298/298 296/296/296
f 297/297/297 299/299/299 298/298/298
f 299/299/299 300/300/300 298/298/298
f 299/299/299 301/301/301 300/300/300
f 301/301/301 302/302/302 300/300/300
f 301/301/301 303/303/303 302/302/302
f 306/306/306 305/305/305 304/304/304
f 305/305/305 307/307/307 304/304/304
f 305/305/305 308/308/308 307/307/307
f 308/308/308 309/309/309 307/307/307
f 308/308/308 310/310/310 309/309/309
f 310/310/310 311/311/311 309/309/309
f 310/310/310 312/312/312 311/311/311
f 312/312/312 313/313/313 311/311/311
f 312/312/312 314/314/314 313/313/313
f 317/317/317 316/316/316 315/315/315
f 318/318/318 317/317/317 315/315/315
f 318/318/318 315/315/315 319/319/319
f 320/320/320 318/318/318 319/319/319
f 320/320/320 319/319/319 321/321/321
f 322/322/322 320/320/320 321/321/321
f 322/322/322 321/321/321 323/323/323
f 324/324/324 322/322/322 323/323/323
f 324/324/324 323/323/323 325/325/325
f 326/326/326 324/324/324 325/325/325
f 329/329/329 328/328/328 327/327/327
f 328/328/328 330/330/330 327/327/327
f 328/328/328 331/331/331 330/330/330
f 331/331/331 332/332/332 330/330/330
f 331/331/331 333/333/333 332/332/332
f 333/333/333 334/334/334 332/332/332
f 333/333/333 335/335/335 334/334/334
f 335/335/335 336/336/336 334/334/334
f 335/335/335 337/337/337 336/336/336
f 337/337/337 338/338/338 336/336/336
f 341/341/341 340/340/340 339/339/339
f 342/342/342 341/341/341 339/339/339
f 345/345/345 344/344/344 343/343/343
f 346/346/346 345/345/345 343/343/343
f 349/349/349 348/348/348 347/347/347
f 350/350/350 349/349/349 347/347/347
f 353/353/353 352/352/352 351/351/351
f 354/354/354 353/353/353 351/351/351
f 357/357/357 356/356/356 355/355/355
f 358/358/358 357/357/357 355/355/355
f 361/361/361 360/360/360 359/359/359
f 362/362/362 361/361/361 359/359/359
f 365/365/365 364/364/364 363/363/363
f 364/364/364 366/366/366 363/363/363
f 363/363/363 366/366/366 367/367/367
f 366/366/366 368/368/368 367/367/367
f 367/367/367 368/368/368 369/369/369
f 368/368/368 370/370/370 369/369/369
f 370/370/370 371/371/371 369/369/369
f 371/371/371 372/372/372 369/369/369
f 375/375/375 374/374/374 373/373/373
f 373/373/373 374/374/374 376/376/376
f 374/374/374 377/377/377 376/376/376
f 380/380/380 379/379/379 378/378/378
f 378/378/378 379/379/379 381/381/381
f 379/379/379 382/382/382 381/381/381
f 381/381/381 382/382/382 383/383/383
f 382/382/382 384/384/384 383/383/383
f 383/383/383 384/384/384 385/385/385
f 384/384/384 386/386/386 385/385/385
f 385/385/385 386/386/386 387/387/387
f 386/386/386 388/388/388 387/387/387
f 388/388/388 389/389/389 387/387/387
f 389/389/389 390/390/390 387/387/387
f 393/393/393 392/392/392 391/391/391
f 392/392/392 394/394/394 391/391/391
f 392/392/392 395/395/395 394/394/394
f 395/395/395 396/396/396 394/394/394
f 395/395/395 397/397/397 396/396/396
f 397/397/397 398/398/398 396/396/396
f 401/401/401 400/400/400 399/399/399
f 400/400/400 402/402/402 399/399/399
f 400/400/400 403/403/403 402/402/402
f 403/403/403 404/404/404 402/402/402
f 403/403/403 405/405/405 404/404/404
f 405/405/405 406/406/406 404/404/404
f 405/405/405 407/407/407 406/406/406
f 407/407/407 408/408/408 406/406/406
f 407/407/407 409/409/409 408/408/408
f 412/412/412 411/411/411 410/410/410
f 412/412/412 410/410/410 413/413/413
f 414/414/414 412/412/412 413/413/413
f 417/417/417 416/416/416 415/415/415
f 418/418/418 417/417/417 415/415/415
f 418/418/418 415/415/415 419/419/419
f 420/420/420 418/418/418 419/419/419
f 420/420/420 419/419/419 421/421/421
f 422/422/422 420/420/420 421/421/421
f 422/422/422 421/421/421 423/423/423
f 424/424/424 422/422/422 423/423/423
f 424/424/424 423/423/423 425/425/425
f 426/426/426 424/424/424 425/425/425
f 429/429/429 428/428/428 427/427/427
f 428/428/428 430/430/430 427/427/427
f 428/428/428 431/431/431 430/430/430
f 431/431/431 432/432/432 430/430/430
f 431/431/431 433/433/433 432/432/432
f 433/433/433 434/434/434 432/432/432
f 433/433/433 435/435/435 434/434/434
f 435/435/435 436/436/436 434/434/434
f 435/435/435 437/437/437 436/436/436
f 437/437/437 438/438/438 436/436/436
f 441/441/441 440/440/440 439/439/439
f 442/442/442 441/441/441 439/439/439
f 445/445/445 444/444/444 443/443/443
f 446/446/446 445/445/445 443/443/443
f 449/449/449 448/448/448 447/447/447
f 450/450/450 449/449/449 447/447/447
f 453/453/453 452/452/452 451/451/451
f 454/454/454 453/453/453 451/451/451
f 457/457/457 456/456/456 455/455/455
f 455/455/455 456/456/456 458/458/458
f 456/456/456 459/459/459 458/458/458
f 458/458/458 459/459/459 460/460/460
f 459/459/459 461/461/461 460/460/460
f 460/460/460 461/461/461 462/462/462
f 461/461/461 463/463/463 462/462/462
f 462/462/462 463/463/463 464/464/464
f 463/463/463 465/465/465 464/464/464
f 465/465/465 466/466/466 464/464/464
f 466/466/466 467/467/467 464/464/464
f 470/470/470 469/469/469 468/468/468
f 468/468/468 469/469/469 471/471/471
f 469/469/469 472/472/472 471/471/471
f 471/471/471 472/472/472 473/473/473
f 472/472/472 474/474/474 473/473/473
f 473/473/473 474/474/474 475/475/475
f 474/474/474 476/476/476 475/475/475
f 475/475/475 476/476/476 477/477/477
f 476/476/476 478/478/478 477/477/477
f 478/478/478 479/479/479 477/477/477
f 479/479/479 480/480/480 477/477/477
f 483/483/483 482/482/482 481/481/481
f 482/482/482 484/484/484 481/481/481
f 482/482/482 485/485/485 484/484/484
f 485/485/485 486/486/486 484/484/484
f 485/485/485 487/487/487 486/486/486
f 487/487/487 488/488/488 486/486/486
f 487/487/487 489/489/489 488/488/488
f 489/489/489 490/490/490 488/488/488
f 489/489/489 491/491/491 490/490/490
f 494/494/494 493/493/493 492/492/492
f 493/493/493 495/495/495 492/492/492
f 493/493/493 496/496/496 495/495/495
f 496/496/496 497/497/497 495/495/495
f 496/496/496 498/498/498 497/497/497
f 498/498/498 499/499/499 497/497/497
f 498/498/498 500/500/500 499/499/499
f 500/500/500 501/501/501 499/499/499
f 500/500/500 502/502/502 501/501/501
f 505/505/505 504/504/504 503/503/503
f 506/506/506 505/505/505 503/503/503
f 506/506/506 503/503/503 507/507/507
f 508/508/508 506/506/506 507/507/507
f 508/508/508 507/507/507 509/509/509
f 510/510/510 508/508/508 509/509/509
f 510/510/510 509/509/509 511/511/511
f 512/512/512 510/510/510 511/511/511
f 512/512/512 511/511/511 513/513/513
f 514/514/514 512/512/512 513/513/513
f 517/517/517 516/516/516 515/515/515
f 516/516/516 518/518/518 515/515/515
f 516/516/516 519/519/519 518/518/518
f 519/519/519 520/520/520 518/518/518
f 519/519/519 521/521/521 520/520/520
f 521/521/521 522/522/522 520/520/520
f 521/521/521 523/523/523 522/522/522
f 523/523/523 524/524/524 522/522/522
f 523/523/523 525/525/525 524/524/524
f 525/525/525 526/526/526 524/524/524
f 529/529/529 528/528/528 527/527/527
f 530/530/530 529/529/529 527/527/527
f 533/533/533 532/532/532 531/531/531
f 534/534/534 533/533/533 531/531/531
f 537/537/537 536/536/536 535/535/535
f 538/538/538 537/537/537 535/535/535
f 541/541/541 540/540/540 539/539/539
f 542/542/542 541/541/541 539/539/539
f 545/545/545 544/544/544 543/543/543
f 546/546/546 545/545/545 543/543/543
f 547/547/547 545/545/545 546/546/546
f 548/548/548 547/547/547 546/546/546
f 549/549/549 547/547/547 548/548/548
f 550/550/550 549/549/549 548/548/548
f 551/551/551 549/549/549 550/550/550
f 552/552/552 551/551/551 550/550/550
f 553/553/553 551/551/551 552/552/552
f 556/556/556 555/555/555 554/554/554
f 554/554/554 555/555/555 557/557/557
f 555/555/555 558/558/558 557/557/557
f 557/557/557 558/558/558 559/559/559
f 558/558/558 560/560/560 559/559/559
f 559/559/559 560/560/560 561/561/561
f 560/560/560 562/562/562 561/561/561
f 561/561/561 562/562/562 563/563/563
f 562/562/562 564/564/564 563/563/563
f 564/564/564 565/565/565 563/563/563
f 565/565/565 566/566/566 563/563/563
f 569/569/569 568/568/568 567/567/567
f 568/568/568 570/570/570 567/567/567
f 568/568/568 571/571/571 570/570/570
f 571/571/571 572/572/572 570/570/570
f 571/571/571 573/573/573 572/572/572
f 573/573/573 574/574/574 572/572/572
f 573/573/573 575/575/575 574/574/574
f 575/575/575 576/576/576 574/574/574
f 575/575/575 577/577/577 576/576/576
f 580/580/580 579/579/579 578/578/578
f 579/579/579 581/581/581 578/578/578
f 579/579/579 582/582/582 581/581/581
f 582/582/582 583/583/583 581/581/581
f 582/582/582 584/584/584 583/583/583
f 584/584/584 585/585/585 583/583/583
f 584/584/584 586/586/586 585/585/585
f 586/586/586 587/587/587 585/585/585
f 586/586/586 588/588/588 587/587/587
f 591/591/591 590/590/590 589/589/589
f 592/592/592 591/591/591 589/589/589
f 592/592/592 589/589/589 593/593/593
f 594/594/594 592/592/592 593/593/593
f 594/594/594 593/593/593 595/595/595
f 596/596/596 594/594/594 595/595/595
f 596/596/596 595/595/595 597/597/597
f 598/598/598 596/596/596 597/597/597
f 598/598/598 597/597/597 599/599/599
f 600/600/600 598/598/598 599/599/599
f 603/603/603 602/602/602 601/601/601
f 602/602/602 604/604/604 601/601/601
f 602/602/602 605/605/605 604/604/604
f 605/605/605 606/606/606 604/604/604
f 605/605/605 607/607/607 606/606/606
f 607/607/607 608/608/608 606/606/606
f 607/607/607 609/609/609 608/608/608
f 609/609/609 610/610/610 608/608/608
f 609/609/609 611/611/611 610/610/610
f 611/611/611 612/612/612 610/610/610
f 615/615/615 614/614/614 613/613/613
f 616/616/616 615/615/615 613/613/613
f 619/619/619 618/618/618 617/617/617
f 620/620/620 619/619/619 617/617/617
f 623/623/623 622/622/622 621/621/621
f 624/624/624 623/623/623 621/621/621
f 627/627/627 626/626/626 625/625/625
f 628/628/628 627/627/627 625/625/625
f 631/631/631 630/630/630 629/629/629
f 632/632/632 631/631/631 629/629/629
f 635/635/635 634/634/634 633/633/633
f 636/636/636 635/635/635 633/633/633
f 637/637/637 635/635/635 636/636/636
f 638/638/638 637/637/637 636/636/636
f 639/639/639 637/637/637 638/638/638
f 640/640/640 639/639/639 638/638/638
f 641/641/641 639/639/639 640/640/640
f 642/642/642 641/641/641 640/640/640
f 643/643/643 641/641/641 642/642/642
f 646/646/646 645/645/645 644/644/644
f 647/647/647 646/646/646 644/644/644
f 648/648/648 646/646/646 647/647/647
f 649/649/649 648/648/648 647/647/647
f 650/650/650 648/648/648 649/649/649
f 651/651/651 650/650/650 649/649/649
f 652/652/652 650/650/650 651/651/651
f 653/653/653 652/652/652 651/651/651
f 654/654/654 652/652/652 653/653/653
f 657/657/657 656/656/656 655/655/655
f 656/656/656 658/658/658 655/655/655
f 656/656/656 659/659/659 658/658/658
f 659/659/659 660/660/660 658/658/658
f 659/659/659 661/661/661 660/660/660
f 661/661/661 662/662/662 660/660/660
f 661/661/661 663/663/663 662/662/662
f 663/663/663 664/664/664 662/662/662
f 663/663/663 665/665/665 664/664/664
f 668/668/668 667/667/667 666/666/666
f 667/667/667 669/669/669 666/666/666
f 667/667/667 670/670/670 669/669/669
f 670/670/670 671/671/671 669/669/669
f 670/670/670 672/672/672 671/671/671
f 672/672/672 673/673/673 671/671/671
f 672/672/672 674/674/674 673/673/673
f 674/674/674 675/675/675 673/673/673
f 674/674/674 676/676/676 675/675/675
f 679/679/679 678/678/678 677/677/677
f 680/680/680 679/679/679 677/677/677
f 680/680/680 677/677/677 681/681/681
f 682/682/682 680/680/680 681/681/681
f 682/682/682 681/681/681 683/683/683
f 684/684/684 682/682/682 683/683/683
f 684/684/684 683/683/683 685/685/685
f 686/686/686 684/684/684 685/685/685
f 686/686/686 685/685/685 687/687/687
f 688/688/688 686/686/686 687/687/687
f 691/691/691 690/690/690 689/689/689
f 690/690/690 692/692/692 689/689/689
f 690/690/690 693/693/693 692/692/692
f 693/693/693 694/694/694 692/692/692
f 693/693/693 695/695/695 694/694/694
f 695/695/695 696/696/696 694/694/694
f 695/695/695 697/697/697 696/696/696
f 697/697/697 698/698/698 696/696/696
f 697/697/697 699/699/699 698/698/698
f 699/699/699 700/700/700 698/698/698
f 703/703/703 702/702/702 701/701/701
f 704/704/704 703/703/703 701/701/701
f 707/707/707 706/706/706 705/705/705
f 708/708/708 707/707/707 705/705/705
f 711/711/711 710/710/710 709/709/709
f 712/712/712 711/711/711 709/709/709
f 715/715/715 714/714/714 713/713/713
f 716/716/716 715/715/715 713/713/713
f 719/719/719 718/718/718 717/717/717
f 720/720/720 719/719/719 717/717/717
f 723/723/723 722/722/722 721/721/721
f 724/724/724 723/723/723 721/721/721
f 727/727/727 726/726/726 725/725/725
f 728/728/728 727/727/727 725/725/725
f 729/729/729 727/727/727 728/728/728
f 730/730/730 729/729/729 728/728/728
f 731/731/731 729/729/729 730/730/730
f 732/732/732 731/731/731 730/730/730
f 733/733/733 731/731/731 732/732/732
f 734/734/734 733/733/733 732/732/732
f 735/735/735 733/733/733 734/734/734
f 738/738/738 737/737/737 736/736/736
f 736/736/736 737/737/737 739/739/739
f 737/737/737 740/740/740 739/739/739
f 739/739/739 740/740/740 741/741/741
f 740/740/740 742/742/742 741/741/741
f 741/741/741 742/742/742 743/743/743
f 742/742/742 744/744/744 743/743/743
f 743/743/743 744/744/744 745/745/745
f 744/744/744 746/746/746 745/745/745
f 746/746/746 747/747/747 745/745/745
f 747/747/747 748/748/748 745/745/745
f 751/751/751 750/750/750 749/749/749
f 750/750/750 752/752/752 749/749/749
f 750/750/750 753/753/753 752/752/752
f 753/753/753 754/754/754 752/752/752
f 753/753/753 755/755/755 754/754/754
f 755/755/755 756/756/756 754/754/754
f 755/755/755 757/757/757 756/756/756
f 757/757/757 758/758/758 756/756/756
f 757/757/757 759/759/759 758/758/758
f 762/762/762 761/761/761 760/760/760
f 761/761/761 763/763/763 760/760/760
f 761/761/761 764/764/764 763/763/763
f 764/764/764 765/765/765 763/763/763
f 764/764/764 766/766/766 765/765/765
f 766/766/766 767/767/767 765/765/765
f 766/766/766 768/768/768 767/767/767
f 768/768/768 769/769/769 767/767/767
f 768/768/768 770/770/770 769/769/769
f 773/773/773 772/772/772 771/771/771
f 774/774/774 773/773/773 771/771/771
f 774/774/774 771/771/771 775/775/775
f 776/776/776 774/774/774 775/775/775
f 776/776/776 775/775/775 777/777/777
f 778/778/778 776/776/776 777/777/777
f 778/778/778 777/777/777 779/779/779
f 780/780/780 778/778/778 779/779/779
f 780/780/780 779/779/779 781/781/781
f 782/782/782 780/780/780 781/781/781
f 785/785/785 784/784/784 783/783/783
f 784/784/784 786/786/786 783/783/783
f 784/784/784 787/787/787 786/786/786
f 787/787/787 788/788/788 786/786/786
f 787/787/787 789/789/789 788/788/788
f 789/789/789 790/790/790 788/788/788
f 789/789/789 791/791/791 790/790/790
f 791/791/791 792/792/792 790/790/790
f 791/791/791 793/793/793 792/792/792
f 793/793/793 794/794/794 792/792/792
f 797/797/797 796/796/796 795/795/795
f 798/798/798 797/797/797 795/795/795
f 801/801/801 800/800/800 799/799/799
f 802/802/802 801/801/801 799/799/799
f 805/805/805 804/804/804 803/803/803
f 806/806/806 805/805/805 803/803/803
f 809/809/809 808/808/808 807/807/807
f 810/810/810 809/809/809 807/807/807
f 813/813/813 812/812/812 811/811/811
f 814/814/814 813/813/813 811/811/811
f 817/817/817 816/816/816 815/815/815
f 818/818/818 817/817/817 815/815/815
f 819/819/819 817/817/817 818/818/818
f 820/820/820 819/819/819 818/818/818
f 821/821/821 819/819/819 820/820/820
f 822/822/822 821/821/821 820/820/820
f 823/823/823 821/821/821 822/822/822
f 824/824/824 823/823/823 822/822/822
f 825/825/825 823/823/823 824/824/824
f 828/828/828 827/827/827 826/826/826
f 826/826/826 827/827/827 829/829/829
f 827/827/827 830/830/830 829/829/829
f 829/829/829 830/830/830 831/831/831
f 830/830/830 832/832/832 831/831/831
f 831/831/831 832/832/832 833/833/833
f 832/832/832 834/834/834 833/833/833
f 833/833/833 834/834/834 835/835/835
f 834/834/834 836/836/836 835/835/835
f 836/836/836 837/837/837 835/835/835
f 837/837/837 838/838/838 835/835/835
f 841/841/841 840/840/840 839/839/839
f 840/840/840 842/842/842 839/839/839
f 840/840/840 843/843/843 842/842/842
f 843/843/843 844/844/844 842/842/842
f 843/843/843 845/845/845 844/844/844
f 845/845/845 846/846/846 844/844/844
f 845/845/845 847/847/847 846/846/846
f 847/847/847 848/848/848 846/846/846
f 847/847/847 849/849/849 848/848/848
f 852/852/852 851/851/851 850/850/850
f 851/851/851 853/853/853 850/850/850
f 851/851/851 854/854/854 853/853/853
f 854/854/854 855/855/855 853/853/853
f 854/854/854 856/856/856 855/855/855
f 856/856/856 857/857/857 855/855/855
f 856/856/856 858/858/858 857/857/857
f 858/858/858 859/859/859 857/857/857
f 858/858/858 860/860/860 859/859/859
f 863/863/863 862/862/862 861/861/861
f 864/864/864 863/863/863 861/861/861
f 864/864/864 861/861/861 865/865/865
f 866/866/866 864/864/864 865/865/865
f 866/866/866 865/865/865 867/867/867
f 868/868/868 866/866/866 867/867/867
f 868/868/868 867/867/867 869/869/869
f 870/870/870 868/868/868 869/869/869
f 870/870/870 869/869/869 871/871/871
f 872/872/872 870/870/870 871/871/871
f 875/875/875 874/874/874 873/873/873
f 876/876/876 875/875/875 873/873/873
f 873/873/873 877/877/877 876/876/876
f 877/877/877 878/878/878 876/876/876
f 881/881/881 880/880/880 879/879/879
f 882/882/882 881/881/881 879/879/879
f 882/882/882 879/879/879 883/883/883
f 884/884/884 882/882/882 883/883/883
f 887/887/887 886/886/886 885/885/885
f 888/888/888 887/887/887 885/885/885
f 888/888/888 885/885/885 889/889/889
f 890/890/890 888/888/888 889/889/889
f 893/893/893 892/892/892 891/891/891
f 894/894/894 893/893/893 891/891/891
f 897/897/897 896/896/896 895/895/895
f 898/898/898 897/897/897 895/895/895
f 901/901/901 900/900/900 899/899/899
f 902/902/902 901/901/901 899/899/899
f 905/905/905 904/904/904 903/903/903
f 906/906/906 905/905/905 903/903/903
f 909/909/909 908/908/908 907/907/907
f 910/910/910 909/909/909 907/907/907
f 911/911/911 909/909/909 910/910/910
f 912/912/912 911/911/911 910/910/910
f 913/913/913 911/911/911 912/912/912
f 914/914/914 913/913/913 912/912/912
f 915/915/915 913/913/913 914/914/914
f 916/916/916 915/915/915 914/914/914
f 917/917/917 915/915/915 916/916/916
f 920/920/920 919/919/919 918/918/918
f 921/921/921 920/920/920 918/918/918
f 922/922/922 920/920/920 921/921/921
f 923/923/923 922/922/922 921/921/921
f 924/924/924 922/922/922 923/923/923
f 925/925/925 924/924/924 923/923/923
f 926/926/926 924/924/924 925/925/925
f 927/927/927 926/926/926 925/925/925
f 928/928/928 926/926/926 927/927/927
f 931/931/931 930/930/930 929/929/929
f 930/930/930 932/932/932 929/929/929
f 930/930/930 933/933/933 932/932/932
f 933/933/933 934/934/934 932/932/932
f 933/933/933 935/935/935 934/934/934
f 935/935/935 936/936/936 934/934/934
f 935/935/935 937/937/937 936/936/936
f 937/937/937 938/938/938 936/936/936
f 937/937/937 939/939/939 938/938/938
f 942/942/942 941/941/941 940/940/940
f 941/941/941 943/943/943 940/940/940
f 941/941/941 944/944/944 943/943/943
f 944/944/944 945/945/945 943/943/943
f 944/944/944 946/946/946 945/945/945
f 946/946/946 947/947/947 945/945/945
f 946/946/946 948/948/948 947/947/947
f 948/948/948 949/949/949 947/947/947
f 948/948/948 950/950/950 949/949/949
f 953/953/953 952/952/952 951/951/951
f 954/954/954 953/953/953 951/951/951
f 954/954/954 951/951/951 955/955/955
f 956/956/956 954/954/954 955/955/955
f 956/956/956 955/955/955 957/957/957
f 958/958/958 956/956/956 957/957/957
f 958/958/958 957/957/957 959/959/959
f 960/960/960 958/958/958 959/959/959
f 963/963/963 962/962/962 961/961/961
f 962/962/962 964/964/964 961/961/961
f 962/962/962 965/965/965 964/964/964
f 965/965/965 966/966/966 964/964/964
f 965/965/965 967/967/967 966/966/966
f 967/967/967 968/968/968 966/966/966
f 967/967/967 969/969/969 968/968/968
f 969/969/969 970/970/970 968/968/968
f 969/969/969 971/971/971 970/970/970
f 971/971/971 972/972/972 970/970/970
f 975/975/975 974/974/974 973/973/973
f 976/976/976 975/975/975 973/973/973
f 979/979/979 978/978/978 977/977/977
f 980/980/980 979/979/979 977/977/977
f 983/983/983 982/982/982 981/981/981
f 984/984/984 983/983/983 981/981/981
f 987/987/987 986/986/986 985/985/985
f 988/988/988 987/987/987 985/985/985
f 991/991/991 990/990/990 989/989/989
f 992/992/992 991/991/991 989/989/989
f 995/995/995 994/994/994 993/993/993
f 996/996/996 995/995/995 993/993/993
f 999/999/999 998/998/998 997/997/997
f 1000/1000/1000 999/999/999 997/997/997
f 1003/1003/1003 1002/1002/1002 1001/1001/1001
f 1004/1004/1004 1003/1003/1003 1001/1001/1001
f 1005/1005/1005 1003/1003/1003 1004/1004/1004
f 1006/1006/1006 1005/1005/1005 1004/1004/1004
f 1007/1007/1007 1005/1005/1005 1006/1006/1006
f 1008/1008/1008 1007/1007/1007 1006/1006/1006
f 1009/1009/1009 1007/1007/1007 1008/1008/1008
f 1010/1010/1010 1009/1009/1009 1008/1008/1008
f 1011/1011/1011 1009/1009/1009 1010/1010/1010
f 1014/1014/1014 1013/1013/1013 1012/1012/1012
f 1015/1015/1015 1014/1014/1014 1012/1012/1012
f 1016/1016/1016 1014/1014/1014 1015/1015/1015
f 1017/1017/1017 1016/1016/1016 1015/1015/1015
f 1018/1018/1018 1016/1016/1016 1017/1017/1017
f 1019/1019/1019 1018/1018/1018 1017/1017/1017
f 1020/1020/1020 1018/1018/1018 1019/1019/1019
f 1021/1021/1021 1020/1020/1020 1019/1019/1019
f 1022/1022/1022 1020/1020/1020 1021/1021/1021
f 1025/1025/1025 1024/1024/1024 1023/1023/1023
f 1024/1024/1024 1026/1026/1026 1023/1023/1023
f 1024/1024/1024 1027/1027/1027 1026/1026/1026
f 1027/1027/1027 1028/1028/1028 1026/1026/1026
f 1027/1027/1027 1029/1029/1029 1028/1028/1028
f 1029/1029/1029 1030/1030/1030 1028/1028/1028
f 1029/1029/1029 1031/1031/1031 1030/1030/1030
f 1031/1031/1031 1032/1032/1032 1030/1030/1030
f 1031/1031/1031 1033/1033/1033 1032/1032/1032
f 1036/1036/1036 1035/1035/1035 1034/1034/1034
f 1035/1035/1035 1037/1037/1037 1034/1034/1034
f 1035/1035/1035 1038/1038/1038 1037/1037/1037
f 1038/1038/1038 1039/1039/1039 1037/1037/1037
f 1038/1038/1038 1040/1040/1040 1039/1039/1039
f 1040/1040/1040 1041/1041/1041 1039/1039/1039
f 1040/1040/1040 1042/1042/1042 1041/1041/1041
f 1042/1042/1042 1043/1043/1043 1041/1041/1041
f 1042/1042/1042 1044/1044/1044 1043/1043/1043
f 1047/1047/1047 1046/1046/1046 1045/1045/1045
f 1048/1048/1048 1047/1047/1047 1045/1045/1045
f 1048/1048/1048 1045/1045/1045 1049/1049/1049
f 1050/1050/1050 1048/1048/1048 1049/1049/1049
f 1050/1050/1050 1049/1049/1049 1051/1051/1051
f 1052/1052/1052 1050/1050/1050 1051/1051/1051
f 1052/1052/1052 1051/1051/1051 1053/1053/1053
f 1054/1054/1054 1052/1052/1052 1053/1053/1053
f 1054/1054/1054 1053/1053/1053 1055/1055/1055
f 1056/1056/1056 1054/1054/1054 1055/1055/1055
f 1059/1059/1059 1058/1058/1058 1057/1057/1057
f 1058/1058/1058 1060/1060/1060 1057/1057/1057
f 1058/1058/1058 1061/1061/1061 1060/1060/1060
f 1061/1061/1061 1062/1062/1062 1060/1060/1060
f 1061/1061/1061 1063/1063/1063 1062/1062/1062
f 1063/1063/1063 1064/1064/1064 1062/1062/1062
f 1063/1063/1063 1065/1065/1065 1064/1064/1064
f 1065/1065/1065 1066/1066/1066 1064/1064/1064
f 1065/1065/1065 1067/1067/1067 1066/1066/1066
f 1067/1067/1067 1068/1068/1068 1066/1066/1066
f 1071/1071/1071 1070/1070/1070 1069/1069/1069
f 1072/1072/1072 1071/1071/1071 1069/1069/1069
f 1075/1075/1075 1074/1074/1074 1073/1073/1073
f 1076/1076/1076 1075/1075/1075 1073/1073/1073
f 1079/1079/1079 1078/1078/1078 1077/1077/1077
f 1080/1080/1080 1079/1079/1079 1077/1077/1077
f 1083/1083/1083 1082/1082/1082 1081/1081/1081
f 1084/1084/1084 1083/1083/1083 1081/1081/1081
f 1087/1087/1087 1086/1086/1086 1085/1085/1085
f 1088/1088/1088 1087/1087/1087 1085/1085/1085
f 1091/1091/1091 1090/1090/1090 1089/1089/1089
f 1092/1092/1092 1091/1091/1091 1089/1089/1089
